kind,sheet,nm_key,display,source,month,vladimir_old_raw,vladimir_new_raw,delta_raw,planning_03,rounded_new_24,diff_03_minus_rounded
old_raw_ne_new_raw,Gremlin,349664142,349664142,Gremlin,2026-05,598.0,439.0,-159.0,600.0,456,144.0
old_raw_ne_new_raw,Gremlin,349664142,349664142,Gremlin,2026-06,506.0,598.0,92.0,512.0,600,-88.0
old_raw_ne_new_raw,Gremlin,349664142,349664142,Gremlin,2026-08,463.0,427.0,-36.0,464.0,432,32.0
old_raw_ne_new_raw,Gremlin,349664142,349664142,Gremlin,2026-09,512.0,463.0,-49.0,512.0,480,32.0
old_raw_ne_new_raw,Gremlin,349672647,349672647,Gremlin,2026-05,165.0,135.0,-30.0,168.0,144,24.0
old_raw_ne_new_raw,Gremlin,349672647,349672647,Gremlin,2026-06,209.0,165.0,-44.0,216.0,168,48.0
old_raw_ne_new_raw,Gremlin,349672647,349672647,Gremlin,2026-08,157.0,135.0,-22.0,160.0,144,16.0
old_raw_ne_new_raw,Gremlin,349672647,349672647,Gremlin,2026-09,169.0,157.0,-12.0,176.0,168,8.0
old_raw_ne_new_raw,Gremlin,376406367,376406367,Gremlin,2026-05,511.0,280.0,-231.0,512.0,288,224.0
old_raw_ne_new_raw,Gremlin,376406367,376406367,Gremlin,2026-06,211.0,511.0,300.0,216.0,528,-312.0
old_raw_ne_new_raw,Gremlin,376406367,376406367,Gremlin,2026-08,256.0,244.0,-12.0,256.0,264,-8.0
old_raw_ne_new_raw,Gremlin,376406367,376406367,Gremlin,2026-09,293.0,256.0,-37.0,296.0,264,32.0
old_raw_ne_new_raw,Gremlin,376407926,376407926,Gremlin,2026-05,600.0,341.0,-259.0,600.0,360,240.0
old_raw_ne_new_raw,Gremlin,376407926,376407926,Gremlin,2026-06,211.0,600.0,389.0,216.0,600,-384.0
old_raw_ne_new_raw,Gremlin,376407926,376407926,Gremlin,2026-08,353.0,318.0,-35.0,360.0,336,24.0
old_raw_ne_new_raw,Gremlin,376407926,376407926,Gremlin,2026-09,388.0,353.0,-35.0,392.0,360,32.0
old_raw_ne_new_raw,Gremlin,376412766,376412766,Gremlin,2026-05,378.0,482.0,104.0,384.0,504,-120.0
old_raw_ne_new_raw,Gremlin,376412766,376412766,Gremlin,2026-06,556.0,378.0,-178.0,576.0,384,192.0
old_raw_ne_new_raw,Gremlin,376412766,376412766,Gremlin,2026-08,506.0,470.0,-36.0,528.0,480,48.0
old_raw_ne_new_raw,Gremlin,376412766,376412766,Gremlin,2026-09,566.0,506.0,-60.0,576.0,528,48.0
old_raw_ne_new_raw,Gremlin,492884902,492884902,Gremlin,2026-05,1348.0,953.0,-395.0,1368.0,960,408.0
old_raw_ne_new_raw,Gremlin,492884902,492884902,Gremlin,2026-06,1364.0,1348.0,-16.0,1368.0,1368,0.0
old_raw_ne_new_raw,Gremlin,495749931,495749931,Gremlin,2026-05,629.0,279.0,-350.0,636.0,288,348.0
old_raw_ne_new_raw,Gremlin,495749931,495749931,Gremlin,2026-06,442.0,629.0,187.0,444.0,648,-204.0
old_raw_ne_new_raw,Gremlin,495769427,495769427,Gremlin,2026-05,272.0,271.0,-1.0,288.0,288,0.0
old_raw_ne_new_raw,Gremlin,495769427,495769427,Gremlin,2026-09,224.0,235.0,11.0,240.0,240,0.0
old_raw_ne_new_raw,Gremlin,556536822,556536822,Gremlin,2026-05,0.0,1297.0,1297.0,0.0,1320,-1320.0
old_raw_ne_new_raw,Gremlin,556536822,556536822,Gremlin,2026-08,2202.0,2449.0,247.0,2220.0,2472,-252.0
old_raw_ne_new_raw,Gremlin,556536822,556536822,Gremlin,2026-09,2303.0,2202.0,-101.0,2340.0,2208,132.0
old_raw_ne_new_raw,Gremlin,564267047,564267047,Gremlin,2026-05,913.0,0.0,-913.0,918.0,0.0,918.0
old_raw_ne_new_raw,Gremlin,564267047,564267047,Gremlin,2026-06,900.0,913.0,13.0,900.0,936,-36.0
old_raw_ne_new_raw,Gremlin,564267047,564267047,Gremlin,2026-08,889.0,878.0,-11.0,891.0,888,3.0
old_raw_ne_new_raw,Gremlin,564267047,564267047,Gremlin,2026-09,1000.0,889.0,-111.0,1008.0,912,96.0
old_raw_ne_new_raw,Gremlin,566841830,566841830,Gremlin,2026-05,303.0,0.0,-303.0,312.0,0.0,312.0
old_raw_ne_new_raw,Gremlin,566841830,566841830,Gremlin,2026-06,333.0,303.0,-30.0,336.0,312,24.0
old_raw_ne_new_raw,Gremlin,566841830,566841830,Gremlin,2026-08,278.0,267.0,-11.0,288.0,288,0.0
old_raw_ne_new_raw,Gremlin,566841830,566841830,Gremlin,2026-09,356.0,278.0,-78.0,360.0,288,72.0
old_raw_ne_new_raw,Gremlin,757936245,757936245,Gremlin,2026-06,455.0,0.0,-455.0,456.0,0.0,456.0
old_raw_ne_new_raw,Gremlin,861386741,861386741,Gremlin,2026-06,360.0,300.0,-60.0,360.0,312,48.0
old_raw_ne_new_raw,Gremlin,861386741,861386741,Gremlin,2026-08,320.0,330.0,10.0,324.0,336,-12.0
old_raw_ne_new_raw,Gremlin,861386741,861386741,Gremlin,2026-09,300.0,320.0,20.0,324.0,336,-12.0
old_raw_ne_new_raw,Gremlin,861386748,861386748,Gremlin,2026-05,500.0,478.0,-22.0,504.0,480,24.0
old_raw_ne_new_raw,Gremlin,861386748,861386748,Gremlin,2026-06,590.0,500.0,-90.0,594.0,504,90.0
old_raw_ne_new_raw,Gremlin,861386748,861386748,Gremlin,2026-09,580.0,460.0,-120.0,594.0,480,114.0
old_raw_ne_new_raw,Gremlin,861386753,861386753,Gremlin,2026-05,460.0,478.0,18.0,480.0,480,0.0
old_raw_ne_new_raw,Gremlin,861386753,861386753,Gremlin,2026-06,470.0,460.0,-10.0,480.0,480,0.0
old_raw_ne_new_raw,Gremlin,861386753,861386753,Gremlin,2026-08,480.0,460.0,-20.0,480.0,480,0.0
old_raw_ne_new_raw,Gremlin,861386753,861386753,Gremlin,2026-09,490.0,480.0,-10.0,504.0,480,24.0
old_raw_ne_new_raw,Gremlin,861386759,861386759,Gremlin,2026-05,500.0,478.0,-22.0,504.0,480,24.0
old_raw_ne_new_raw,Gremlin,861386759,861386759,Gremlin,2026-06,590.0,500.0,-90.0,594.0,504,90.0
old_raw_ne_new_raw,Gremlin,861386759,861386759,Gremlin,2026-09,580.0,460.0,-120.0,594.0,480,114.0
old_raw_ne_new_raw,Gremlin,861386765,861386765,Gremlin,2026-05,500.0,478.0,-22.0,504.0,480,24.0
old_raw_ne_new_raw,Gremlin,861386765,861386765,Gremlin,2026-06,590.0,500.0,-90.0,594.0,504,90.0
old_raw_ne_new_raw,Gremlin,861386765,861386765,Gremlin,2026-09,580.0,460.0,-120.0,594.0,480,114.0
old_raw_ne_new_raw,Gremlin,861386769,861386769,Gremlin,2026-05,190.0,200.0,10.0,195.0,216,-21.0
old_raw_ne_new_raw,Gremlin,861386769,861386769,Gremlin,2026-06,200.0,190.0,-10.0,210.0,192,18.0
old_raw_ne_new_raw,Gremlin,861386769,861386769,Gremlin,2026-08,180.0,160.0,-20.0,180.0,168,12.0
old_raw_ne_new_raw,Gremlin,861386769,861386769,Gremlin,2026-09,220.0,180.0,-40.0,225.0,192,33.0
old_raw_ne_new_raw,Gremlin,861386776,861386776,Gremlin,2026-05,190.0,200.0,10.0,192.0,216,-24.0
old_raw_ne_new_raw,Gremlin,861386776,861386776,Gremlin,2026-06,220.0,190.0,-30.0,228.0,192,36.0
old_raw_ne_new_raw,Gremlin,861386776,861386776,Gremlin,2026-08,180.0,170.0,-10.0,180.0,192,-12.0
old_raw_ne_new_raw,Gremlin,861386776,861386776,Gremlin,2026-09,220.0,180.0,-40.0,228.0,192,36.0
old_raw_ne_new_raw,Gremlin,861386784,861386784,Gremlin,2026-05,280.0,278.0,-2.0,288.0,288,0.0
old_raw_ne_new_raw,Gremlin,861386784,861386784,Gremlin,2026-06,340.0,280.0,-60.0,360.0,288,72.0
old_raw_ne_new_raw,Gremlin,861386784,861386784,Gremlin,2026-08,340.0,300.0,-40.0,360.0,312,48.0
old_raw_ne_new_raw,Gremlin,861386784,861386784,Gremlin,2026-09,330.0,340.0,10.0,360.0,360,0.0
old_raw_ne_new_raw,Gremlin,861386787,861386787,Gremlin,2026-05,280.0,278.0,-2.0,288.0,288,0.0
old_raw_ne_new_raw,Gremlin,861386787,861386787,Gremlin,2026-06,340.0,280.0,-60.0,360.0,288,72.0
old_raw_ne_new_raw,Gremlin,861386787,861386787,Gremlin,2026-08,340.0,300.0,-40.0,360.0,312,48.0
old_raw_ne_new_raw,Gremlin,861386787,861386787,Gremlin,2026-09,330.0,340.0,10.0,360.0,360,0.0
old_raw_ne_new_raw,Gremlin,861386795,861386795,Gremlin,2026-05,900.0,844.0,-56.0,912.0,864,48.0
old_raw_ne_new_raw,Gremlin,861386795,861386795,Gremlin,2026-06,1050.0,900.0,-150.0,1056.0,912,144.0
old_raw_ne_new_raw,Gremlin,861386795,861386795,Gremlin,2026-08,810.0,820.0,10.0,816.0,840,-24.0
old_raw_ne_new_raw,Gremlin,861386795,861386795,Gremlin,2026-09,1040.0,810.0,-230.0,1056.0,816,240.0
old_raw_ne_new_raw,Gremlin,861386803,861386803,Gremlin,2026-05,420.0,439.0,19.0,432.0,456,-24.0
old_raw_ne_new_raw,Gremlin,861386803,861386803,Gremlin,2026-06,490.0,420.0,-70.0,504.0,432,72.0
old_raw_ne_new_raw,Gremlin,861386803,861386803,Gremlin,2026-09,480.0,380.0,-100.0,486.0,384,102.0
old_raw_ne_new_raw,Gremlin,861386813,861386813,Gremlin,2026-05,250.0,260.0,10.0,252.0,264,-12.0
old_raw_ne_new_raw,Gremlin,861386813,861386813,Gremlin,2026-06,300.0,250.0,-50.0,306.0,264,42.0
old_raw_ne_new_raw,Gremlin,861386813,861386813,Gremlin,2026-09,290.0,230.0,-60.0,297.0,240,57.0
old_raw_ne_new_raw,Gremlin,861386823,861386823,Gremlin,2026-05,190.0,200.0,10.0,198.0,216,-18.0
old_raw_ne_new_raw,Gremlin,861386823,861386823,Gremlin,2026-06,210.0,190.0,-20.0,216.0,192,24.0
old_raw_ne_new_raw,Gremlin,861386823,861386823,Gremlin,2026-08,170.0,210.0,40.0,180.0,216,-36.0
old_raw_ne_new_raw,Gremlin,861386832,861386832,Gremlin,2026-05,280.0,278.0,-2.0,288.0,288,0.0
old_raw_ne_new_raw,Gremlin,861386832,861386832,Gremlin,2026-06,340.0,280.0,-60.0,360.0,288,72.0
old_raw_ne_new_raw,Gremlin,861386832,861386832,Gremlin,2026-08,340.0,300.0,-40.0,360.0,312,48.0
old_raw_ne_new_raw,Gremlin,861386832,861386832,Gremlin,2026-09,330.0,340.0,10.0,360.0,360,0.0
old_raw_ne_new_raw,Gremlin,890476336,890476336,Gremlin,2026-05,300.0,0.0,-300.0,336.0,0.0,336.0
old_raw_ne_new_raw,Gremlin,890476336,890476336,Gremlin,2026-08,220.0,330.0,110.0,240.0,336,-96.0
old_raw_ne_new_raw,Gremlin,890476336,890476336,Gremlin,2026-09,190.0,220.0,30.0,192.0,240,-48.0
old_raw_ne_new_raw,Gremlin,890476345,890476345,Gremlin,2026-05,230.0,0.0,-230.0,240.0,0.0,240.0
old_raw_ne_new_raw,Gremlin,890476345,890476345,Gremlin,2026-08,170.0,250.0,80.0,192.0,264,-72.0
old_raw_ne_new_raw,Gremlin,890476345,890476345,Gremlin,2026-09,150.0,170.0,20.0,192.0,192,0.0
old_raw_ne_new_raw,Gremlin,890476348,890476348,Gremlin,2026-05,490.0,0.0,-490.0,528.0,0.0,528.0
old_raw_ne_new_raw,Gremlin,890476348,890476348,Gremlin,2026-08,370.0,540.0,170.0,384.0,552,-168.0
old_raw_ne_new_raw,Gremlin,890476348,890476348,Gremlin,2026-09,320.0,370.0,50.0,336.0,384,-48.0
old_raw_ne_new_raw,Gremlin,890476371,890476371,Gremlin,2026-05,170.0,0.0,-170.0,192.0,0.0,192.0
old_raw_ne_new_raw,Gremlin,890476371,890476371,Gremlin,2026-06,180.0,170.0,-10.0,192.0,192,0.0
old_raw_ne_new_raw,Gremlin,890476372,890476372,Gremlin,2026-05,170.0,0.0,-170.0,180.0,0.0,180.0
old_raw_ne_new_raw,Gremlin,890476372,890476372,Gremlin,2026-06,210.0,170.0,-40.0,216.0,192,24.0
old_raw_ne_new_raw,Gremlin,890476372,890476372,Gremlin,2026-09,200.0,190.0,-10.0,204.0,192,12.0
old_raw_ne_new_raw,Gremlin,890476374,890476374,Gremlin,2026-05,100.0,0.0,-100.0,102.0,0.0,102.0
old_raw_ne_new_raw,Gremlin,890476379,890476379,Gremlin,2026-05,330.0,0.0,-330.0,342.0,0.0,342.0
old_raw_ne_new_raw,Gremlin,890476379,890476379,Gremlin,2026-06,420.0,330.0,-90.0,432.0,336,96.0
old_raw_ne_new_raw,Gremlin,890476379,890476379,Gremlin,2026-08,390.0,360.0,-30.0,396.0,360,36.0
old_raw_ne_new_raw,Gremlin,890476379,890476379,Gremlin,2026-09,380.0,390.0,10.0,396.0,408,-12.0
old_raw_ne_new_raw,Gremlin,890476397,890476397,Gremlin,2026-05,120.0,0.0,-120.0,130.0,0.0,130.0
old_raw_ne_new_raw,Gremlin,890476397,890476397,Gremlin,2026-06,150.0,120.0,-30.0,156.0,120,36.0
old_raw_ne_new_raw,Gremlin,890476397,890476397,Gremlin,2026-08,140.0,130.0,-10.0,143.0,144,-1.0
old_raw_ne_new_raw,Gremlin,890476406,890476406,Gremlin,2026-05,280.0,0.0,-280.0,280.0,0.0,280.0
old_raw_ne_new_raw,Gremlin,890476406,890476406,Gremlin,2026-08,290.0,220.0,-70.0,294.0,240,54.0
old_raw_ne_new_raw,Gremlin,890476406,890476406,Gremlin,2026-09,220.0,290.0,70.0,224.0,312,-88.0
old_raw_ne_new_raw,Gremlin,890476414,890476414,Gremlin,2026-05,290.0,0.0,-290.0,296.0,0.0,296.0
old_raw_ne_new_raw,Gremlin,890476414,890476414,Gremlin,2026-06,370.0,290.0,-80.0,376.0,312,64.0
old_raw_ne_new_raw,Gremlin,890476414,890476414,Gremlin,2026-08,350.0,330.0,-20.0,352.0,336,16.0
old_raw_ne_new_raw,Gremlin,890476415,890476415,Gremlin,2026-05,320.0,0.0,-320.0,322.0,0.0,322.0
old_raw_ne_new_raw,Gremlin,890476415,890476415,Gremlin,2026-06,380.0,320.0,-60.0,392.0,336,56.0
old_raw_ne_new_raw,Gremlin,890476415,890476415,Gremlin,2026-09,330.0,320.0,-10.0,336.0,336,0.0
old_raw_ne_new_raw,Gremlin,890476420,890476420,Gremlin,2026-05,150.0,0.0,-150.0,192.0,0.0,192.0
old_raw_ne_new_raw,Gremlin,890476420,890476420,Gremlin,2026-08,100.0,160.0,60.0,144.0,168,-24.0
old_raw_ne_new_raw,Gremlin,890476420,890476420,Gremlin,2026-09,90.0,100.0,10.0,96.0,120,-24.0
old_raw_ne_new_raw,Gremlin,890476441,890476441,Gremlin,2026-05,150.0,0.0,-150.0,154.0,0.0,154.0
old_raw_ne_new_raw,Gremlin,890476441,890476441,Gremlin,2026-06,160.0,150.0,-10.0,161.0,168,-7.0
old_raw_ne_new_raw,Gremlin,890476441,890476441,Gremlin,2026-08,160.0,130.0,-30.0,161.0,144,17.0
old_raw_ne_new_raw,Gremlin,890476470,890476470,Gremlin,2026-05,240.0,0.0,-240.0,240.0,0.0,240.0
old_raw_ne_new_raw,Gremlin,890476470,890476470,Gremlin,2026-08,180.0,260.0,80.0,192.0,264,-72.0
old_raw_ne_new_raw,Gremlin,890476470,890476470,Gremlin,2026-09,150.0,180.0,30.0,192.0,192,0.0
old_raw_ne_new_raw,Gremlin,890476490,890476490,Gremlin,2026-05,280.0,0.0,-280.0,280.0,0.0,280.0
old_raw_ne_new_raw,Gremlin,890476490,890476490,Gremlin,2026-06,350.0,280.0,-70.0,350.0,288,62.0
old_raw_ne_new_raw,Gremlin,890476490,890476490,Gremlin,2026-08,320.0,310.0,-10.0,320.0,312,8.0
old_raw_ne_new_raw,Gremlin,890476490,890476490,Gremlin,2026-09,330.0,320.0,-10.0,330.0,336,-6.0
old_raw_ne_new_raw,Gremlin,492883855,492883855,Gremlin,2026-05,2851.0,1459.0,-1392.0,2880.0,1464,1416.0
old_raw_ne_new_raw,Gremlin,492883855,492883855,Gremlin,2026-06,3258.0,2851.0,-407.0,3280.0,2856,424.0
old_raw_ne_new_raw,Gremlin,492883855,492883855,Gremlin,2026-08,1188.0,1306.0,118.0,1200.0,1320,-120.0
old_raw_ne_new_raw,Gremlin,492883855,492883855,Gremlin,2026-09,1153.0,1188.0,35.0,1200.0,1200,0.0
old_raw_ne_new_raw,Gremlin,915645339,915645339,Gremlin,2026-05,340.0,0.0,-340.0,351.0,0.0,351.0
old_raw_ne_new_raw,Gremlin,915645339,915645339,Gremlin,2026-06,390.0,340.0,-50.0,405.0,360,45.0
old_raw_ne_new_raw,Gremlin,915645339,915645339,Gremlin,2026-08,440.0,430.0,-10.0,459.0,432,27.0
old_raw_ne_new_raw,Gremlin,915645339,915645339,Gremlin,2026-09,490.0,440.0,-50.0,513.0,456,57.0
old_raw_ne_new_raw,Gremlin,915651041,915651041,Gremlin,2026-05,180.0,0.0,-180.0,182.0,0.0,182.0
old_raw_ne_new_raw,Gremlin,915651041,915651041,Gremlin,2026-09,220.0,190.0,-30.0,224.0,192,32.0
old_raw_ne_new_raw,Gremlin,915654383,915654383,Gremlin,2026-05,510.0,0.0,-510.0,528.0,0.0,528.0
old_raw_ne_new_raw,Gremlin,915654383,915654383,Gremlin,2026-08,510.0,580.0,70.0,528.0,600,-72.0
old_raw_ne_new_raw,Gremlin,915654383,915654383,Gremlin,2026-09,560.0,510.0,-50.0,572.0,528,44.0
old_raw_ne_new_raw,Gremlin,915657151,915657151,Gremlin,2026-05,130.0,0.0,-130.0,132.0,0.0,132.0
old_raw_ne_new_raw,Gremlin,915657151,915657151,Gremlin,2026-06,120.0,130.0,10.0,121.0,144,-23.0
old_raw_ne_new_raw,Gremlin,915657151,915657151,Gremlin,2026-09,150.0,140.0,-10.0,154.0,144,10.0
old_raw_ne_new_raw,Gremlin,117898026,117898026,Gremlin,2026-06,253.0,0.0,-253.0,255.0,0.0,255.0
old_raw_ne_new_raw,Gremlin,117898026,117898026,Gremlin,2026-09,172.0,161.0,-11.0,180.0,168,12.0
old_raw_ne_new_raw,Gremlin,117898028,117898028,Gremlin,2026-06,253.0,0.0,-253.0,255.0,0.0,255.0
old_raw_ne_new_raw,Gremlin,117898028,117898028,Gremlin,2026-09,172.0,161.0,-11.0,180.0,168,12.0
old_raw_ne_new_raw,Gremlin,312092267,312092267,Gremlin,2026-05,1586.0,506.0,-1080.0,1590.0,528,1062.0
old_raw_ne_new_raw,Gremlin,312092267,312092267,Gremlin,2026-06,868.0,1586.0,718.0,870.0,1608,-738.0
old_raw_ne_new_raw,Gremlin,312095680,312095680,Gremlin,2026-09,295.0,277.0,-18.0,300.0,288,12.0
old_raw_ne_new_raw,Gremlin,313454432,313454432,Gremlin,2026-05,0.0,318.0,318.0,0.0,336,-336.0
old_raw_ne_new_raw,Gremlin,313454432,313454432,Gremlin,2026-08,678.0,409.0,-269.0,680.0,432,248.0
old_raw_ne_new_raw,Gremlin,313454432,313454432,Gremlin,2026-09,770.0,678.0,-92.0,800.0,696,104.0
old_raw_ne_new_raw,Gremlin,314747934,314747934,Gremlin,2026-05,689.0,580.0,-109.0,700.0,600,100.0
old_raw_ne_new_raw,Gremlin,314747934,314747934,Gremlin,2026-06,467.0,689.0,222.0,480.0,696,-216.0
old_raw_ne_new_raw,Gremlin,314749803,314749803,Gremlin,2026-05,640.0,414.0,-226.0,640.0,432,208.0
old_raw_ne_new_raw,Gremlin,314749803,314749803,Gremlin,2026-06,528.0,640.0,112.0,540.0,648,-108.0
old_raw_ne_new_raw,Gremlin,321586570,321586570,Gremlin,2026-05,811.0,589.0,-222.0,816.0,600,216.0
old_raw_ne_new_raw,Gremlin,321586570,321586570,Gremlin,2026-06,467.0,811.0,344.0,468.0,816,-348.0
old_raw_ne_new_raw,Gremlin,321586570,321586570,Gremlin,2026-08,500.0,489.0,-11.0,504.0,504,0.0
old_raw_ne_new_raw,Gremlin,321586570,321586570,Gremlin,2026-09,578.0,500.0,-78.0,588.0,504,84.0
old_raw_ne_new_raw,Gremlin,321597576,321597576,Gremlin,2026-05,640.0,455.0,-185.0,648.0,456,192.0
old_raw_ne_new_raw,Gremlin,321597576,321597576,Gremlin,2026-06,517.0,640.0,123.0,528.0,648,-120.0
old_raw_ne_new_raw,Gremlin,321597576,321597576,Gremlin,2026-08,381.0,375.0,-6.0,384.0,384,0.0
old_raw_ne_new_raw,Gremlin,321597576,321597576,Gremlin,2026-09,438.0,381.0,-57.0,444.0,384,60.0
old_raw_ne_new_raw,Gremlin,321611695,321611695,Gremlin,2026-05,782.0,442.0,-340.0,792.0,456,336.0
old_raw_ne_new_raw,Gremlin,321611695,321611695,Gremlin,2026-06,379.0,782.0,403.0,384.0,792,-408.0
old_raw_ne_new_raw,Gremlin,321611695,321611695,Gremlin,2026-08,372.0,360.0,-12.0,372.0,360,12.0
old_raw_ne_new_raw,Gremlin,321611695,321611695,Gremlin,2026-09,430.0,372.0,-58.0,432.0,384,48.0
old_raw_ne_new_raw,Gremlin,323089439,323089439,Gremlin,2026-05,534.0,478.0,-56.0,540.0,480,60.0
old_raw_ne_new_raw,Gremlin,323089439,323089439,Gremlin,2026-06,295.0,534.0,239.0,300.0,552,-252.0
old_raw_ne_new_raw,Gremlin,323089439,323089439,Gremlin,2026-08,378.0,356.0,-22.0,384.0,360,24.0
old_raw_ne_new_raw,Gremlin,323089439,323089439,Gremlin,2026-09,411.0,378.0,-33.0,420.0,384,36.0
old_raw_ne_new_raw,Gremlin,336435693,336435693,Gremlin,2026-05,1000.0,448.0,-552.0,1008.0,456,552.0
old_raw_ne_new_raw,Gremlin,336435693,336435693,Gremlin,2026-06,400.0,1000.0,600.0,408.0,1008,-600.0
old_raw_ne_new_raw,Gremlin,336435693,336435693,Gremlin,2026-09,529.0,437.0,-92.0,552.0,456,96.0
old_raw_ne_new_raw,Gremlin,336451054,336451054,Gremlin,2026-05,598.0,417.0,-181.0,600.0,432,168.0
old_raw_ne_new_raw,Gremlin,336451054,336451054,Gremlin,2026-06,443.0,598.0,155.0,480.0,600,-120.0
old_raw_ne_new_raw,Gremlin,336451054,336451054,Gremlin,2026-09,333.0,274.0,-59.0,360.0,288,72.0
old_raw_ne_new_raw,Gremlin,336455125,336455125,Gremlin,2026-05,682.0,517.0,-165.0,720.0,528,192.0
old_raw_ne_new_raw,Gremlin,336455125,336455125,Gremlin,2026-06,511.0,682.0,171.0,520.0,696,-176.0
old_raw_ne_new_raw,Gremlin,336455125,336455125,Gremlin,2026-09,425.0,345.0,-80.0,440.0,360,80.0
old_raw_ne_new_raw,Gremlin,424774838,424774838,Gremlin,2026-05,747.0,620.0,-127.0,760.0,624,136.0
old_raw_ne_new_raw,Gremlin,424774838,424774838,Gremlin,2026-06,408.0,747.0,339.0,420.0,768,-348.0
old_raw_ne_new_raw,Gremlin,424774838,424774838,Gremlin,2026-09,506.0,410.0,-96.0,520.0,432,88.0
old_raw_ne_new_raw,Gremlin,424775930,424775930,Gremlin,2026-05,477.0,718.0,241.0,480.0,720,-240.0
old_raw_ne_new_raw,Gremlin,424775930,424775930,Gremlin,2026-06,465.0,477.0,12.0,480.0,480,0.0
old_raw_ne_new_raw,Gremlin,424775930,424775930,Gremlin,2026-09,576.0,471.0,-105.0,580.0,480,100.0
old_raw_ne_new_raw,Gremlin,43746155,43746155,Gremlin,2026-05,511.0,0.0,-511.0,525.0,0.0,525.0
old_raw_ne_new_raw,Gremlin,43746155,43746155,Gremlin,2026-06,323.0,511.0,188.0,350.0,528,-178.0
old_raw_ne_new_raw,Gremlin,43746155,43746155,Gremlin,2026-08,226.0,231.0,5.0,245.0,240,5.0
old_raw_ne_new_raw,Gremlin,43746155,43746155,Gremlin,2026-09,247.0,226.0,-21.0,280.0,240,40.0
old_raw_ne_new_raw,Gremlin,44619983,44619983,Gremlin,2026-08,862.0,499.0,-363.0,900.0,504,396.0
old_raw_ne_new_raw,Gremlin,44619983,44619983,Gremlin,2026-09,989.0,862.0,-127.0,1000.0,864,136.0
old_raw_ne_new_raw,Gremlin,499624899,499624899,Gremlin,2026-05,265.0,212.0,-53.0,270.0,216,54.0
old_raw_ne_new_raw,Gremlin,499624899,499624899,Gremlin,2026-06,218.0,265.0,47.0,240.0,288,-48.0
old_raw_ne_new_raw,Gremlin,499629142,499629142,Gremlin,2026-05,553.0,325.0,-228.0,570.0,336,234.0
old_raw_ne_new_raw,Gremlin,499629142,499629142,Gremlin,2026-06,299.0,553.0,254.0,300.0,576,-276.0
old_raw_ne_new_raw,Gremlin,529887348,529887348,Gremlin,2026-05,0.0,6.0,6.0,0.0,24,-24.0
old_raw_ne_new_raw,Gremlin,529887348,529887348,Gremlin,2026-06,253.0,0.0,-253.0,255.0,0.0,255.0
old_raw_ne_new_raw,Gremlin,529887348,529887348,Gremlin,2026-09,172.0,161.0,-11.0,180.0,168,12.0
old_raw_ne_new_raw,Gremlin,58452308,58452308,Gremlin,2026-05,621.0,580.0,-41.0,640.0,600,40.0
old_raw_ne_new_raw,Gremlin,58452308,58452308,Gremlin,2026-06,339.0,621.0,282.0,340.0,624,-284.0
old_raw_ne_new_raw,Gremlin,59730914,59730914,Gremlin,2026-08,498.0,340.0,-158.0,500.0,360,140.0
old_raw_ne_new_raw,Gremlin,59730914,59730914,Gremlin,2026-09,632.0,498.0,-134.0,650.0,504,146.0
old_raw_ne_new_raw,Gremlin,59743424,59743424,Gremlin,2026-08,471.0,290.0,-181.0,500.0,312,188.0
old_raw_ne_new_raw,Gremlin,59743424,59743424,Gremlin,2026-09,529.0,471.0,-58.0,550.0,480,70.0
old_raw_ne_new_raw,Gremlin,59743647,59743647,Gremlin,2026-08,471.0,290.0,-181.0,500.0,312,188.0
old_raw_ne_new_raw,Gremlin,59743647,59743647,Gremlin,2026-09,529.0,471.0,-58.0,550.0,480,70.0
old_raw_ne_new_raw,Gremlin,758048932,758048932,Gremlin,2026-05,0.0,302.0,302.0,0.0,312,-312.0
old_raw_ne_new_raw,Gremlin,758048932,758048932,Gremlin,2026-08,186.0,244.0,58.0,189.0,264,-75.0
old_raw_ne_new_raw,Gremlin,758048943,758048943,Gremlin,2026-05,0.0,347.0,347.0,0.0,360,-360.0
old_raw_ne_new_raw,Gremlin,758048943,758048943,Gremlin,2026-08,213.0,280.0,67.0,216.0,288,-72.0
old_raw_ne_new_raw,Gremlin,758048951,758048951,Gremlin,2026-05,0.0,276.0,276.0,0.0,288,-288.0
old_raw_ne_new_raw,Gremlin,758048951,758048951,Gremlin,2026-08,161.0,207.0,46.0,161.0,216,-55.0
old_raw_ne_new_raw,Gremlin,932861126,932861126,Gremlin,2026-06,410.0,0.0,-410.0,432.0,0.0,432.0
old_raw_ne_new_raw,Gremlin,932861126,932861126,Gremlin,2026-08,440.0,410.0,-30.0,456.0,432,24.0
old_raw_ne_new_raw,Gremlin,942807244,942807244,Gremlin,2026-06,6590.0,0.0,-6590.0,6600.0,0.0,6600.0
old_raw_ne_new_raw,Gremlin,942807244,942807244,Gremlin,2026-08,6150.0,6500.0,350.0,6150.0,6504,-354.0
old_raw_ne_new_raw,Gremlin,942807244,942807244,Gremlin,2026-09,6950.0,6150.0,-800.0,7050.0,6168,882.0
old_raw_ne_new_raw,Gremlin,942809156,942809156,Gremlin,2026-06,1950.0,0.0,-1950.0,2000.0,0.0,2000.0
old_raw_ne_new_raw,Gremlin,942809156,942809156,Gremlin,2026-08,1550.0,1650.0,100.0,1600.0,1656,-56.0
old_raw_ne_new_raw,Gremlin,942809156,942809156,Gremlin,2026-09,1700.0,1550.0,-150.0,1700.0,1560,140.0
old_raw_ne_new_raw,Gremlin,942865447,942865447,Gremlin,2026-06,460.0,0.0,-460.0,468.0,0.0,468.0
old_raw_ne_new_raw,Gremlin,942865447,942865447,Gremlin,2026-08,450.0,360.0,-90.0,468.0,360,108.0
old_raw_ne_new_raw,Gremlin,942865447,942865447,Gremlin,2026-09,550.0,450.0,-100.0,576.0,456,120.0
old_raw_ne_new_raw,Gremlin,942865448,942865448,Gremlin,2026-06,410.0,0.0,-410.0,432.0,0.0,432.0
old_raw_ne_new_raw,Gremlin,942865448,942865448,Gremlin,2026-08,580.0,410.0,-170.0,612.0,432,180.0
old_raw_ne_new_raw,Gremlin,942865448,942865448,Gremlin,2026-09,650.0,580.0,-70.0,684.0,600,84.0
old_raw_ne_new_raw,Gremlin,942865449,942865449,Gremlin,2026-06,270.0,0.0,-270.0,276.0,0.0,276.0
old_raw_ne_new_raw,Gremlin,942865449,942865449,Gremlin,2026-08,250.0,240.0,-10.0,252.0,240,12.0
old_raw_ne_new_raw,Gremlin,942865449,942865449,Gremlin,2026-09,260.0,250.0,-10.0,264.0,264,0.0
old_raw_ne_new_raw,Gremlin,942865450,942865450,Gremlin,2026-06,340.0,0.0,-340.0,360.0,0.0,360.0
old_raw_ne_new_raw,Gremlin,942865450,942865450,Gremlin,2026-08,310.0,300.0,-10.0,312.0,312,0.0
old_raw_ne_new_raw,Gremlin,942865450,942865450,Gremlin,2026-09,320.0,310.0,-10.0,336.0,312,24.0
old_raw_ne_new_raw,Gremlin,942865451,942865451,Gremlin,2026-06,240.0,0.0,-240.0,240.0,0.0,240.0
old_raw_ne_new_raw,Gremlin,942865451,942865451,Gremlin,2026-08,230.0,220.0,-10.0,240.0,240,0.0
old_raw_ne_new_raw,Gremlin,942865451,942865451,Gremlin,2026-09,260.0,230.0,-30.0,264.0,240,24.0
old_raw_ne_new_raw,Gremlin,942865452,942865452,Gremlin,2026-06,210.0,0.0,-210.0,216.0,0.0,216.0
old_raw_ne_new_raw,Gremlin,942865452,942865452,Gremlin,2026-09,240.0,190.0,-50.0,240.0,192,48.0
old_raw_ne_new_raw,Gremlin,942865453,942865453,Gremlin,2026-06,240.0,0.0,-240.0,240.0,0.0,240.0
old_raw_ne_new_raw,Gremlin,942865453,942865453,Gremlin,2026-08,240.0,230.0,-10.0,240.0,240,0.0
old_raw_ne_new_raw,Gremlin,942865454,942865454,Gremlin,2026-06,280.0,0.0,-280.0,288.0,0.0,288.0
old_raw_ne_new_raw,Gremlin,942865454,942865454,Gremlin,2026-08,290.0,270.0,-20.0,312.0,288,24.0
old_raw_ne_new_raw,Gremlin,942865454,942865454,Gremlin,2026-09,320.0,290.0,-30.0,336.0,312,24.0
old_raw_ne_new_raw,Gremlin,861386736,861386736,Gremlin,2026-05,330.0,350.0,20.0,336.0,360,-24.0
old_raw_ne_new_raw,Gremlin,861386736,861386736,Gremlin,2026-06,360.0,330.0,-30.0,360.0,336,24.0
old_raw_ne_new_raw,Gremlin,861386736,861386736,Gremlin,2026-08,320.0,300.0,-20.0,320.0,312,8.0
old_raw_ne_new_raw,Gremlin,861386736,861386736,Gremlin,2026-09,400.0,320.0,-80.0,400.0,336,64.0
old_raw_ne_new_raw,Gremlin,134354680,134354680,Gremlin,2026-05,360.0,0.0,-360.0,360.0,0.0,360.0
old_raw_ne_new_raw,Gremlin,134354680,134354680,Gremlin,2026-06,0.0,360.0,360.0,0.0,360,-360.0
old_raw_ne_new_raw,Gremlin,349654046,349654046,Gremlin,2026-05,1223.0,1447.0,224.0,1224.0,1464,-240.0
old_raw_ne_new_raw,Gremlin,349654046,349654046,Gremlin,2026-06,0.0,1223.0,1223.0,0.0,1224,-1224.0
old_raw_ne_new_raw,Gremlin,40028657,40028657,Gremlin,2026-05,322.0,39.0,-283.0,325.0,48,277.0
old_raw_ne_new_raw,Gremlin,40028657,40028657,Gremlin,2026-06,0.0,322.0,322.0,0.0,336,-336.0
old_raw_ne_new_raw,Gremlin,43746157,43746157,Gremlin,2026-05,0.0,6.0,6.0,0.0,24,-24.0
old_raw_ne_new_raw,Gremlin,492875663,492875663,Gremlin,2026-05,124.0,128.0,4.0,140.0,144,-4.0
old_raw_ne_new_raw,Gremlin,492875663,492875663,Gremlin,2026-06,0.0,124.0,124.0,0.0,144,-144.0
old_raw_ne_new_raw,Gremlin,492883010,492883010,Gremlin,2026-05,374.0,238.0,-136.0,378.0,240,138.0
old_raw_ne_new_raw,Gremlin,492883010,492883010,Gremlin,2026-06,0.0,374.0,374.0,0.0,384,-384.0
old_raw_ne_new_raw,Gremlin,494755143,494755143,Gremlin,2026-05,0.0,58.0,58.0,0.0,72,-72.0
old_raw_ne_new_raw,Gremlin,529887357,529887357,Gremlin,2026-05,0.0,39.0,39.0,0.0,48,-48.0
old_raw_ne_new_raw,Gremlin,529892624,529892624,Gremlin,2026-05,0.0,28.0,28.0,0.0,48,-48.0
old_raw_ne_new_raw,Gremlin,550226639,550226639,Gremlin,2026-05,0.0,108.0,108.0,0.0,120,-120.0
old_raw_ne_new_raw,Gremlin,692318750,692318750,Gremlin,2026-05,0.0,430.0,430.0,0.0,432,-432.0
old_raw_ne_new_raw,Gremlin,722623447,722623447,Gremlin,2026-05,1500.0,500.0,-1000.0,1500.0,504,996.0
old_raw_ne_new_raw,Gremlin,722623447,722623447,Gremlin,2026-06,0.0,1500.0,1500.0,0.0,1512,-1512.0
old_raw_ne_new_raw,Gremlin,722627244,722627244,Gremlin,2026-05,1000.0,600.0,-400.0,1000.0,600,400.0
old_raw_ne_new_raw,Gremlin,722627244,722627244,Gremlin,2026-06,0.0,1000.0,1000.0,0.0,1008,-1008.0
old_raw_ne_new_raw,Gremlin,758048960,758048960,Gremlin,2026-05,0.0,256.0,256.0,0.0,264,-264.0
old_raw_ne_new_raw,Tesfe,543554305,543554305,Tesfe,2026-06,0.0,230.0,230.0,0.0,240,-240.0
old_raw_ne_new_raw,Tesfe,608928608,608928608,Tesfe,2026-06,0.0,345.0,345.0,0.0,360,-360.0
old_raw_ne_new_raw,Tesfe,686885271,686885271,Tesfe,2026-06,2000.0,824.0,-1176.0,2000.0,840,1160.0
old_raw_ne_new_raw,Tesfe,876241399,876241399,Tesfe,2026-06,2000.0,824.0,-1176.0,2000.0,840,1160.0
old_raw_ne_new_raw,Tesfe,918426226,918426226,Tesfe,2026-06,1765.0,0.0,-1765.0,1776.0,0.0,1776.0
old_raw_ne_new_raw,Tesfe,918426227,918426227,Tesfe,2026-06,1765.0,0.0,-1765.0,1768.0,0.0,1768.0
old_raw_ne_new_raw,Tesfe,918426228,918426228,Tesfe,2026-06,1765.0,0.0,-1765.0,1768.0,0.0,1768.0
old_raw_ne_new_raw,Tesfe,918426229,918426229,Tesfe,2026-06,1765.0,0.0,-1765.0,1776.0,0.0,1776.0
old_raw_ne_new_raw,Tesfe,918426230,918426230,Tesfe,2026-06,500.0,0.0,-500.0,500.0,0.0,500.0
old_raw_ne_new_raw,Tesfe,918426231,918426231,Tesfe,2026-06,235.0,0.0,-235.0,235.0,0.0,235.0
old_raw_ne_new_raw,Tesfe,918435511,918435511,Tesfe,2026-06,1111.0,0.0,-1111.0,1116.0,0.0,1116.0
old_raw_ne_new_raw,Tesfe,918435511,918435511,Tesfe,2026-09,1444.0,1333.0,-111.0,1446.0,1344,102.0
old_raw_ne_new_raw,Tesfe,918435512,918435512,Tesfe,2026-06,1111.0,0.0,-1111.0,1120.0,0.0,1120.0
old_raw_ne_new_raw,Tesfe,918435512,918435512,Tesfe,2026-09,1444.0,1333.0,-111.0,1460.0,1344,116.0
old_raw_ne_new_raw,Tesfe,918435513,918435513,Tesfe,2026-06,667.0,0.0,-667.0,672.0,0.0,672.0
old_raw_ne_new_raw,Tesfe,918435513,918435513,Tesfe,2026-09,944.0,889.0,-55.0,944.0,912,32.0
old_raw_ne_new_raw,Tesfe,926949170,926949170,Tesfe,2026-06,882.0,0.0,-882.0,890.0,0.0,890.0
old_raw_ne_new_raw,Tesfe,926949170,926949170,Tesfe,2026-09,882.0,824.0,-58.0,890.0,840,50.0
old_raw_ne_new_raw,Tesfe,926954173,926954173,Tesfe,2026-06,706.0,0.0,-706.0,710.0,0.0,710.0
old_raw_ne_new_raw,Tesfe,926954174,926954174,Tesfe,2026-06,706.0,0.0,-706.0,710.0,0.0,710.0
old_raw_ne_new_raw,Tesfe,927023387,927023387,Tesfe,2026-06,882.0,647.0,-235.0,890.0,648,242.0
old_raw_ne_new_raw,Tesfe,927023387,927023387,Tesfe,2026-09,882.0,824.0,-58.0,890.0,840,50.0
old_raw_ne_new_raw,Tesfe,927042177,927042177,Tesfe,2026-06,882.0,0.0,-882.0,885.0,0.0,885.0
old_raw_ne_new_raw,Tesfe,927042177,927042177,Tesfe,2026-09,882.0,824.0,-58.0,885.0,840,45.0
old_raw_ne_new_raw,Tesfe,964009719,964009719,Tesfe,2026-09,1136.0,568.0,-568.0,1160.0,576,584.0
old_raw_ne_new_raw,Tesfe,964012793,964012793,Tesfe,2026-09,595.0,357.0,-238.0,600.0,360,240.0
old_raw_ne_new_raw,Tesfe,964012794,964012794,Tesfe,2026-09,893.0,536.0,-357.0,900.0,552,348.0
old_raw_ne_new_raw,Tesfe,964012795,964012795,Tesfe,2026-09,714.0,417.0,-297.0,720.0,432,288.0
old_raw_ne_new_raw,Tesfe,120796591,120796591,Tesfe,2026-06,1574.0,1603.0,29.0,1650.0,1608,42.0
old_raw_ne_new_raw,Tesfe,120796591,120796591,Tesfe,2026-09,1794.0,1721.0,-73.0,1870.0,1728,142.0
old_raw_ne_new_raw,Tesfe,246014967,246014967,Tesfe,2026-06,731.0,746.0,15.0,770.0,768,2.0
old_raw_ne_new_raw,Tesfe,246014967,246014967,Tesfe,2026-09,836.0,791.0,-45.0,880.0,792,88.0
old_raw_ne_new_raw,Tesfe,358122186,358122186,Tesfe,2026-09,400.0,383.0,-17.0,440.0,384,56.0
old_raw_ne_new_raw,Tesfe,358125696,358125696,Tesfe,2026-06,521.0,535.0,14.0,550.0,552,-2.0
old_raw_ne_new_raw,Tesfe,358125696,358125696,Tesfe,2026-09,606.0,563.0,-43.0,660.0,576,84.0
old_raw_ne_new_raw,Tesfe,358132137,358132137,Tesfe,2026-09,391.0,375.0,-16.0,440.0,384,56.0
old_raw_ne_new_raw,Tesfe,47920705,47920705,Tesfe,2026-06,1574.0,1603.0,29.0,1650.0,1608,42.0
old_raw_ne_new_raw,Tesfe,47920705,47920705,Tesfe,2026-09,1794.0,1721.0,-73.0,1870.0,1728,142.0
old_raw_ne_new_raw,Tesfe,47920706,47920706,Tesfe,2026-06,1183.0,1197.0,14.0,1210.0,1200,10.0
old_raw_ne_new_raw,Tesfe,47920706,47920706,Tesfe,2026-09,1352.0,1296.0,-56.0,1430.0,1296,134.0
old_raw_ne_new_raw,Tesfe,271298038,271298038,Tesfe,2026-06,0.0,1118.0,1118.0,0.0,1128,-1128.0
old_raw_ne_new_raw,Tesfe,291701620,291701620,Tesfe,2026-06,0.0,843.0,843.0,0.0,864,-864.0
old_raw_ne_new_raw,Tesfe,384471571,384471571,Tesfe,2026-06,0.0,345.0,345.0,0.0,360,-360.0
old_raw_ne_new_raw,Tesfe,486174467,486174467,Tesfe,2026-06,0.0,284.0,284.0,0.0,288,-288.0
old_raw_ne_new_raw,Tesfe,547905963,547905963,Tesfe,2026-06,0.0,216.0,216.0,0.0,216,-216.0
old_raw_ne_new_raw,Tesfe,547907007,547907007,Tesfe,2026-06,0.0,241.0,241.0,0.0,264,-264.0
old_raw_ne_new_raw,Tesfe,587394871,587394871,Tesfe,2026-06,0.0,118.0,118.0,0.0,120,-120.0
old_raw_ne_new_raw,Tesfe,721291995,721291995,Tesfe,2026-06,169.0,180.0,11.0,171.0,192,-21.0
old_raw_ne_new_raw,Tesfe,734230554,734230554,Tesfe,2026-06,648.0,846.0,198.0,648.0,864,-216.0
old_raw_ne_new_raw,Tesfe,734234121,734234121,Tesfe,2026-06,868.0,1819.0,951.0,912.0,1824,-912.0
old_raw_ne_new_raw,Tesfe,76726507,76726507,Tesfe,2026-06,0.0,512.0,512.0,0.0,528,-528.0
old_raw_ne_new_raw,Tesfe,77306647,77306647,Tesfe,2026-06,0.0,438.0,438.0,0.0,456,-456.0
old_raw_ne_new_raw,Tesfe,869039019,869039019,Tesfe,2026-06,0.0,341.0,341.0,0.0,360,-360.0
old_raw_ne_new_raw,Tesfe,879121147,879121147,Tesfe,2026-06,0.0,402.0,402.0,0.0,408,-408.0
old_raw_ne_new_raw,Tesfe,897441029,897441029,Tesfe,2026-06,0.0,118.0,118.0,0.0,120,-120.0
old_raw_ne_new_raw,Tesfe,901040577,901040577,Tesfe,2026-06,0.0,294.0,294.0,0.0,312,-312.0
old_raw_ne_new_raw,Tesfe,901044246,901044246,Tesfe,2026-06,0.0,235.0,235.0,0.0,240,-240.0
old_raw_ne_new_raw,Tesfe,917885149,917885149,Tesfe,2026-06,0.0,706.0,706.0,0.0,720,-720.0
old_raw_ne_new_raw,Tesfe,917885150,917885150,Tesfe,2026-06,0.0,706.0,706.0,0.0,720,-720.0
03_ne_round_new_24,Gremlin,349664142,349664142,Gremlin,2026-05,,439.0,,600.0,456,144.0
03_ne_round_new_24,Gremlin,349664142,349664142,Gremlin,2026-06,,598.0,,512.0,600,-88.0
03_ne_round_new_24,Gremlin,349664142,349664142,Gremlin,2026-07,,506.0,,512.0,528,-16.0
03_ne_round_new_24,Gremlin,349664142,349664142,Gremlin,2026-08,,427.0,,464.0,432,32.0
03_ne_round_new_24,Gremlin,349664142,349664142,Gremlin,2026-09,,463.0,,512.0,480,32.0
03_ne_round_new_24,Gremlin,349672647,349672647,Gremlin,2026-05,,135.0,,168.0,144,24.0
03_ne_round_new_24,Gremlin,349672647,349672647,Gremlin,2026-06,,165.0,,216.0,168,48.0
03_ne_round_new_24,Gremlin,349672647,349672647,Gremlin,2026-08,,135.0,,160.0,144,16.0
03_ne_round_new_24,Gremlin,349672647,349672647,Gremlin,2026-09,,157.0,,176.0,168,8.0
03_ne_round_new_24,Gremlin,376406367,376406367,Gremlin,2026-05,,280.0,,512.0,288,224.0
03_ne_round_new_24,Gremlin,376406367,376406367,Gremlin,2026-06,,511.0,,216.0,528,-312.0
03_ne_round_new_24,Gremlin,376406367,376406367,Gremlin,2026-08,,244.0,,256.0,264,-8.0
03_ne_round_new_24,Gremlin,376406367,376406367,Gremlin,2026-09,,256.0,,296.0,264,32.0
03_ne_round_new_24,Gremlin,376407926,376407926,Gremlin,2026-05,,341.0,,600.0,360,240.0
03_ne_round_new_24,Gremlin,376407926,376407926,Gremlin,2026-06,,600.0,,216.0,600,-384.0
03_ne_round_new_24,Gremlin,376407926,376407926,Gremlin,2026-08,,318.0,,360.0,336,24.0
03_ne_round_new_24,Gremlin,376407926,376407926,Gremlin,2026-09,,353.0,,392.0,360,32.0
03_ne_round_new_24,Gremlin,376412766,376412766,Gremlin,2026-05,,482.0,,384.0,504,-120.0
03_ne_round_new_24,Gremlin,376412766,376412766,Gremlin,2026-06,,378.0,,576.0,384,192.0
03_ne_round_new_24,Gremlin,376412766,376412766,Gremlin,2026-08,,470.0,,528.0,480,48.0
03_ne_round_new_24,Gremlin,376412766,376412766,Gremlin,2026-09,,506.0,,576.0,528,48.0
03_ne_round_new_24,Gremlin,492884902,492884902,Gremlin,2026-05,,953.0,,1368.0,960,408.0
03_ne_round_new_24,Gremlin,495749931,495749931,Gremlin,2026-05,,279.0,,636.0,288,348.0
03_ne_round_new_24,Gremlin,495749931,495749931,Gremlin,2026-06,,629.0,,444.0,648,-204.0
03_ne_round_new_24,Gremlin,495749931,495749931,Gremlin,2026-07,,442.0,,444.0,456,-12.0
03_ne_round_new_24,Gremlin,556536822,556536822,Gremlin,2026-05,,1297.0,,0.0,1320,-1320.0
03_ne_round_new_24,Gremlin,556536822,556536822,Gremlin,2026-08,,2449.0,,2220.0,2472,-252.0
03_ne_round_new_24,Gremlin,556536822,556536822,Gremlin,2026-09,,2202.0,,2340.0,2208,132.0
03_ne_round_new_24,Gremlin,564267047,564267047,Gremlin,2026-05,,0.0,,918.0,0.0,918.0
03_ne_round_new_24,Gremlin,564267047,564267047,Gremlin,2026-06,,913.0,,900.0,936,-36.0
03_ne_round_new_24,Gremlin,564267047,564267047,Gremlin,2026-07,,900.0,,900.0,912,-12.0
03_ne_round_new_24,Gremlin,564267047,564267047,Gremlin,2026-08,,878.0,,891.0,888,3.0
03_ne_round_new_24,Gremlin,564267047,564267047,Gremlin,2026-09,,889.0,,1008.0,912,96.0
03_ne_round_new_24,Gremlin,566841830,566841830,Gremlin,2026-05,,0.0,,312.0,0.0,312.0
03_ne_round_new_24,Gremlin,566841830,566841830,Gremlin,2026-06,,303.0,,336.0,312,24.0
03_ne_round_new_24,Gremlin,566841830,566841830,Gremlin,2026-09,,278.0,,360.0,288,72.0
03_ne_round_new_24,Gremlin,757936245,757936245,Gremlin,2026-06,,0.0,,456.0,0.0,456.0
03_ne_round_new_24,Gremlin,861386741,861386741,Gremlin,2026-05,,300.0,,324.0,312,12.0
03_ne_round_new_24,Gremlin,861386741,861386741,Gremlin,2026-06,,300.0,,360.0,312,48.0
03_ne_round_new_24,Gremlin,861386741,861386741,Gremlin,2026-08,,330.0,,324.0,336,-12.0
03_ne_round_new_24,Gremlin,861386741,861386741,Gremlin,2026-09,,320.0,,324.0,336,-12.0
03_ne_round_new_24,Gremlin,861386748,861386748,Gremlin,2026-05,,478.0,,504.0,480,24.0
03_ne_round_new_24,Gremlin,861386748,861386748,Gremlin,2026-06,,500.0,,594.0,504,90.0
03_ne_round_new_24,Gremlin,861386748,861386748,Gremlin,2026-07,,590.0,,594.0,600,-6.0
03_ne_round_new_24,Gremlin,861386748,861386748,Gremlin,2026-08,,460.0,,468.0,480,-12.0
03_ne_round_new_24,Gremlin,861386748,861386748,Gremlin,2026-09,,460.0,,594.0,480,114.0
03_ne_round_new_24,Gremlin,861386753,861386753,Gremlin,2026-09,,480.0,,504.0,480,24.0
03_ne_round_new_24,Gremlin,861386759,861386759,Gremlin,2026-05,,478.0,,504.0,480,24.0
03_ne_round_new_24,Gremlin,861386759,861386759,Gremlin,2026-06,,500.0,,594.0,504,90.0
03_ne_round_new_24,Gremlin,861386759,861386759,Gremlin,2026-07,,590.0,,594.0,600,-6.0
03_ne_round_new_24,Gremlin,861386759,861386759,Gremlin,2026-08,,460.0,,468.0,480,-12.0
03_ne_round_new_24,Gremlin,861386759,861386759,Gremlin,2026-09,,460.0,,594.0,480,114.0
03_ne_round_new_24,Gremlin,861386765,861386765,Gremlin,2026-05,,478.0,,504.0,480,24.0
03_ne_round_new_24,Gremlin,861386765,861386765,Gremlin,2026-06,,500.0,,594.0,504,90.0
03_ne_round_new_24,Gremlin,861386765,861386765,Gremlin,2026-07,,590.0,,594.0,600,-6.0
03_ne_round_new_24,Gremlin,861386765,861386765,Gremlin,2026-08,,460.0,,468.0,480,-12.0
03_ne_round_new_24,Gremlin,861386765,861386765,Gremlin,2026-09,,460.0,,594.0,480,114.0
03_ne_round_new_24,Gremlin,861386769,861386769,Gremlin,2026-05,,200.0,,195.0,216,-21.0
03_ne_round_new_24,Gremlin,861386769,861386769,Gremlin,2026-06,,190.0,,210.0,192,18.0
03_ne_round_new_24,Gremlin,861386769,861386769,Gremlin,2026-07,,200.0,,210.0,216,-6.0
03_ne_round_new_24,Gremlin,861386769,861386769,Gremlin,2026-08,,160.0,,180.0,168,12.0
03_ne_round_new_24,Gremlin,861386769,861386769,Gremlin,2026-09,,180.0,,225.0,192,33.0
03_ne_round_new_24,Gremlin,861386776,861386776,Gremlin,2026-05,,200.0,,192.0,216,-24.0
03_ne_round_new_24,Gremlin,861386776,861386776,Gremlin,2026-06,,190.0,,228.0,192,36.0
03_ne_round_new_24,Gremlin,861386776,861386776,Gremlin,2026-07,,220.0,,228.0,240,-12.0
03_ne_round_new_24,Gremlin,861386776,861386776,Gremlin,2026-08,,170.0,,180.0,192,-12.0
03_ne_round_new_24,Gremlin,861386776,861386776,Gremlin,2026-09,,180.0,,228.0,192,36.0
03_ne_round_new_24,Gremlin,861386784,861386784,Gremlin,2026-06,,280.0,,360.0,288,72.0
03_ne_round_new_24,Gremlin,861386784,861386784,Gremlin,2026-08,,300.0,,360.0,312,48.0
03_ne_round_new_24,Gremlin,861386787,861386787,Gremlin,2026-06,,280.0,,360.0,288,72.0
03_ne_round_new_24,Gremlin,861386787,861386787,Gremlin,2026-08,,300.0,,360.0,312,48.0
03_ne_round_new_24,Gremlin,861386795,861386795,Gremlin,2026-05,,844.0,,912.0,864,48.0
03_ne_round_new_24,Gremlin,861386795,861386795,Gremlin,2026-06,,900.0,,1056.0,912,144.0
03_ne_round_new_24,Gremlin,861386795,861386795,Gremlin,2026-08,,820.0,,816.0,840,-24.0
03_ne_round_new_24,Gremlin,861386795,861386795,Gremlin,2026-09,,810.0,,1056.0,816,240.0
03_ne_round_new_24,Gremlin,861386803,861386803,Gremlin,2026-05,,439.0,,432.0,456,-24.0
03_ne_round_new_24,Gremlin,861386803,861386803,Gremlin,2026-06,,420.0,,504.0,432,72.0
03_ne_round_new_24,Gremlin,861386803,861386803,Gremlin,2026-08,,380.0,,396.0,384,12.0
03_ne_round_new_24,Gremlin,861386803,861386803,Gremlin,2026-09,,380.0,,486.0,384,102.0
03_ne_round_new_24,Gremlin,861386813,861386813,Gremlin,2026-05,,260.0,,252.0,264,-12.0
03_ne_round_new_24,Gremlin,861386813,861386813,Gremlin,2026-06,,250.0,,306.0,264,42.0
03_ne_round_new_24,Gremlin,861386813,861386813,Gremlin,2026-07,,300.0,,306.0,312,-6.0
03_ne_round_new_24,Gremlin,861386813,861386813,Gremlin,2026-08,,230.0,,234.0,240,-6.0
03_ne_round_new_24,Gremlin,861386813,861386813,Gremlin,2026-09,,230.0,,297.0,240,57.0
03_ne_round_new_24,Gremlin,861386823,861386823,Gremlin,2026-05,,200.0,,198.0,216,-18.0
03_ne_round_new_24,Gremlin,861386823,861386823,Gremlin,2026-06,,190.0,,216.0,192,24.0
03_ne_round_new_24,Gremlin,861386823,861386823,Gremlin,2026-08,,210.0,,180.0,216,-36.0
03_ne_round_new_24,Gremlin,861386823,861386823,Gremlin,2026-09,,170.0,,180.0,192,-12.0
03_ne_round_new_24,Gremlin,861386832,861386832,Gremlin,2026-06,,280.0,,360.0,288,72.0
03_ne_round_new_24,Gremlin,861386832,861386832,Gremlin,2026-08,,300.0,,360.0,312,48.0
03_ne_round_new_24,Gremlin,890476336,890476336,Gremlin,2026-05,,0.0,,336.0,0.0,336.0
03_ne_round_new_24,Gremlin,890476336,890476336,Gremlin,2026-06,,300.0,,336.0,312,24.0
03_ne_round_new_24,Gremlin,890476336,890476336,Gremlin,2026-07,,300.0,,336.0,312,24.0
03_ne_round_new_24,Gremlin,890476336,890476336,Gremlin,2026-08,,330.0,,240.0,336,-96.0
03_ne_round_new_24,Gremlin,890476336,890476336,Gremlin,2026-09,,220.0,,192.0,240,-48.0
03_ne_round_new_24,Gremlin,890476345,890476345,Gremlin,2026-05,,0.0,,240.0,0.0,240.0
03_ne_round_new_24,Gremlin,890476345,890476345,Gremlin,2026-08,,250.0,,192.0,264,-72.0
03_ne_round_new_24,Gremlin,890476348,890476348,Gremlin,2026-05,,0.0,,528.0,0.0,528.0
03_ne_round_new_24,Gremlin,890476348,890476348,Gremlin,2026-06,,490.0,,528.0,504,24.0
03_ne_round_new_24,Gremlin,890476348,890476348,Gremlin,2026-07,,490.0,,528.0,504,24.0
03_ne_round_new_24,Gremlin,890476348,890476348,Gremlin,2026-08,,540.0,,384.0,552,-168.0
03_ne_round_new_24,Gremlin,890476348,890476348,Gremlin,2026-09,,370.0,,336.0,384,-48.0
03_ne_round_new_24,Gremlin,890476371,890476371,Gremlin,2026-05,,0.0,,192.0,0.0,192.0
03_ne_round_new_24,Gremlin,890476372,890476372,Gremlin,2026-05,,0.0,,180.0,0.0,180.0
03_ne_round_new_24,Gremlin,890476372,890476372,Gremlin,2026-06,,170.0,,216.0,192,24.0
03_ne_round_new_24,Gremlin,890476372,890476372,Gremlin,2026-09,,190.0,,204.0,192,12.0
03_ne_round_new_24,Gremlin,890476374,890476374,Gremlin,2026-05,,0.0,,102.0,0.0,102.0
03_ne_round_new_24,Gremlin,890476374,890476374,Gremlin,2026-06,,100.0,,102.0,120,-18.0
03_ne_round_new_24,Gremlin,890476374,890476374,Gremlin,2026-07,,100.0,,102.0,120,-18.0
03_ne_round_new_24,Gremlin,890476374,890476374,Gremlin,2026-08,,80.0,,84.0,96,-12.0
03_ne_round_new_24,Gremlin,890476374,890476374,Gremlin,2026-09,,80.0,,84.0,96,-12.0
03_ne_round_new_24,Gremlin,890476379,890476379,Gremlin,2026-05,,0.0,,342.0,0.0,342.0
03_ne_round_new_24,Gremlin,890476379,890476379,Gremlin,2026-06,,330.0,,432.0,336,96.0
03_ne_round_new_24,Gremlin,890476379,890476379,Gremlin,2026-08,,360.0,,396.0,360,36.0
03_ne_round_new_24,Gremlin,890476379,890476379,Gremlin,2026-09,,390.0,,396.0,408,-12.0
03_ne_round_new_24,Gremlin,890476397,890476397,Gremlin,2026-05,,0.0,,130.0,0.0,130.0
03_ne_round_new_24,Gremlin,890476397,890476397,Gremlin,2026-06,,120.0,,156.0,120,36.0
03_ne_round_new_24,Gremlin,890476397,890476397,Gremlin,2026-07,,150.0,,156.0,168,-12.0
03_ne_round_new_24,Gremlin,890476397,890476397,Gremlin,2026-08,,130.0,,143.0,144,-1.0
03_ne_round_new_24,Gremlin,890476397,890476397,Gremlin,2026-09,,140.0,,143.0,144,-1.0
03_ne_round_new_24,Gremlin,890476406,890476406,Gremlin,2026-05,,0.0,,280.0,0.0,280.0
03_ne_round_new_24,Gremlin,890476406,890476406,Gremlin,2026-06,,280.0,,280.0,288,-8.0
03_ne_round_new_24,Gremlin,890476406,890476406,Gremlin,2026-07,,280.0,,280.0,288,-8.0
03_ne_round_new_24,Gremlin,890476406,890476406,Gremlin,2026-08,,220.0,,294.0,240,54.0
03_ne_round_new_24,Gremlin,890476406,890476406,Gremlin,2026-09,,290.0,,224.0,312,-88.0
03_ne_round_new_24,Gremlin,890476414,890476414,Gremlin,2026-05,,0.0,,296.0,0.0,296.0
03_ne_round_new_24,Gremlin,890476414,890476414,Gremlin,2026-06,,290.0,,376.0,312,64.0
03_ne_round_new_24,Gremlin,890476414,890476414,Gremlin,2026-07,,370.0,,376.0,384,-8.0
03_ne_round_new_24,Gremlin,890476414,890476414,Gremlin,2026-08,,330.0,,352.0,336,16.0
03_ne_round_new_24,Gremlin,890476414,890476414,Gremlin,2026-09,,350.0,,352.0,360,-8.0
03_ne_round_new_24,Gremlin,890476415,890476415,Gremlin,2026-05,,0.0,,322.0,0.0,322.0
03_ne_round_new_24,Gremlin,890476415,890476415,Gremlin,2026-06,,320.0,,392.0,336,56.0
03_ne_round_new_24,Gremlin,890476415,890476415,Gremlin,2026-07,,380.0,,392.0,384,8.0
03_ne_round_new_24,Gremlin,890476415,890476415,Gremlin,2026-08,,320.0,,322.0,336,-14.0
03_ne_round_new_24,Gremlin,890476420,890476420,Gremlin,2026-05,,0.0,,192.0,0.0,192.0
03_ne_round_new_24,Gremlin,890476420,890476420,Gremlin,2026-06,,150.0,,192.0,168,24.0
03_ne_round_new_24,Gremlin,890476420,890476420,Gremlin,2026-07,,150.0,,192.0,168,24.0
03_ne_round_new_24,Gremlin,890476420,890476420,Gremlin,2026-08,,160.0,,144.0,168,-24.0
03_ne_round_new_24,Gremlin,890476420,890476420,Gremlin,2026-09,,100.0,,96.0,120,-24.0
03_ne_round_new_24,Gremlin,890476441,890476441,Gremlin,2026-05,,0.0,,154.0,0.0,154.0
03_ne_round_new_24,Gremlin,890476441,890476441,Gremlin,2026-06,,150.0,,161.0,168,-7.0
03_ne_round_new_24,Gremlin,890476441,890476441,Gremlin,2026-07,,160.0,,161.0,168,-7.0
03_ne_round_new_24,Gremlin,890476441,890476441,Gremlin,2026-08,,130.0,,161.0,144,17.0
03_ne_round_new_24,Gremlin,890476441,890476441,Gremlin,2026-09,,160.0,,161.0,168,-7.0
03_ne_round_new_24,Gremlin,890476470,890476470,Gremlin,2026-05,,0.0,,240.0,0.0,240.0
03_ne_round_new_24,Gremlin,890476470,890476470,Gremlin,2026-08,,260.0,,192.0,264,-72.0
03_ne_round_new_24,Gremlin,890476490,890476490,Gremlin,2026-05,,0.0,,280.0,0.0,280.0
03_ne_round_new_24,Gremlin,890476490,890476490,Gremlin,2026-06,,280.0,,350.0,288,62.0
03_ne_round_new_24,Gremlin,890476490,890476490,Gremlin,2026-07,,350.0,,350.0,360,-10.0
03_ne_round_new_24,Gremlin,890476490,890476490,Gremlin,2026-08,,310.0,,320.0,312,8.0
03_ne_round_new_24,Gremlin,890476490,890476490,Gremlin,2026-09,,320.0,,330.0,336,-6.0
03_ne_round_new_24,Gremlin,492883855,492883855,Gremlin,2026-05,,1459.0,,2880.0,1464,1416.0
03_ne_round_new_24,Gremlin,492883855,492883855,Gremlin,2026-06,,2851.0,,3280.0,2856,424.0
03_ne_round_new_24,Gremlin,492883855,492883855,Gremlin,2026-07,,3258.0,,3280.0,3264,16.0
03_ne_round_new_24,Gremlin,492883855,492883855,Gremlin,2026-08,,1306.0,,1200.0,1320,-120.0
03_ne_round_new_24,Gremlin,915645339,915645339,Gremlin,2026-05,,0.0,,351.0,0.0,351.0
03_ne_round_new_24,Gremlin,915645339,915645339,Gremlin,2026-06,,340.0,,405.0,360,45.0
03_ne_round_new_24,Gremlin,915645339,915645339,Gremlin,2026-07,,390.0,,405.0,408,-3.0
03_ne_round_new_24,Gremlin,915645339,915645339,Gremlin,2026-08,,430.0,,459.0,432,27.0
03_ne_round_new_24,Gremlin,915645339,915645339,Gremlin,2026-09,,440.0,,513.0,456,57.0
03_ne_round_new_24,Gremlin,915651041,915651041,Gremlin,2026-05,,0.0,,182.0,0.0,182.0
03_ne_round_new_24,Gremlin,915651041,915651041,Gremlin,2026-06,,180.0,,182.0,192,-10.0
03_ne_round_new_24,Gremlin,915651041,915651041,Gremlin,2026-07,,180.0,,182.0,192,-10.0
03_ne_round_new_24,Gremlin,915651041,915651041,Gremlin,2026-08,,190.0,,196.0,192,4.0
03_ne_round_new_24,Gremlin,915651041,915651041,Gremlin,2026-09,,190.0,,224.0,192,32.0
03_ne_round_new_24,Gremlin,915654383,915654383,Gremlin,2026-05,,0.0,,528.0,0.0,528.0
03_ne_round_new_24,Gremlin,915654383,915654383,Gremlin,2026-08,,580.0,,528.0,600,-72.0
03_ne_round_new_24,Gremlin,915654383,915654383,Gremlin,2026-09,,510.0,,572.0,528,44.0
03_ne_round_new_24,Gremlin,915657151,915657151,Gremlin,2026-05,,0.0,,132.0,0.0,132.0
03_ne_round_new_24,Gremlin,915657151,915657151,Gremlin,2026-06,,130.0,,121.0,144,-23.0
03_ne_round_new_24,Gremlin,915657151,915657151,Gremlin,2026-07,,120.0,,121.0,120,1.0
03_ne_round_new_24,Gremlin,915657151,915657151,Gremlin,2026-08,,140.0,,143.0,144,-1.0
03_ne_round_new_24,Gremlin,915657151,915657151,Gremlin,2026-09,,140.0,,154.0,144,10.0
03_ne_round_new_24,Gremlin,117898026,117898026,Gremlin,2026-06,,0.0,,255.0,0.0,255.0
03_ne_round_new_24,Gremlin,117898026,117898026,Gremlin,2026-07,,253.0,,255.0,264,-9.0
03_ne_round_new_24,Gremlin,117898026,117898026,Gremlin,2026-08,,161.0,,165.0,168,-3.0
03_ne_round_new_24,Gremlin,117898026,117898026,Gremlin,2026-09,,161.0,,180.0,168,12.0
03_ne_round_new_24,Gremlin,117898028,117898028,Gremlin,2026-06,,0.0,,255.0,0.0,255.0
03_ne_round_new_24,Gremlin,117898028,117898028,Gremlin,2026-07,,253.0,,255.0,264,-9.0
03_ne_round_new_24,Gremlin,117898028,117898028,Gremlin,2026-08,,161.0,,165.0,168,-3.0
03_ne_round_new_24,Gremlin,117898028,117898028,Gremlin,2026-09,,161.0,,180.0,168,12.0
03_ne_round_new_24,Gremlin,312092267,312092267,Gremlin,2026-05,,506.0,,1590.0,528,1062.0
03_ne_round_new_24,Gremlin,312092267,312092267,Gremlin,2026-06,,1586.0,,870.0,1608,-738.0
03_ne_round_new_24,Gremlin,312092267,312092267,Gremlin,2026-07,,868.0,,870.0,888,-18.0
03_ne_round_new_24,Gremlin,312095680,312095680,Gremlin,2026-05,,386.0,,390.0,408,-18.0
03_ne_round_new_24,Gremlin,312095680,312095680,Gremlin,2026-06,,386.0,,390.0,408,-18.0
03_ne_round_new_24,Gremlin,312095680,312095680,Gremlin,2026-07,,386.0,,390.0,408,-18.0
03_ne_round_new_24,Gremlin,312095680,312095680,Gremlin,2026-08,,277.0,,280.0,288,-8.0
03_ne_round_new_24,Gremlin,312095680,312095680,Gremlin,2026-09,,277.0,,300.0,288,12.0
03_ne_round_new_24,Gremlin,313454432,313454432,Gremlin,2026-05,,318.0,,0.0,336,-336.0
03_ne_round_new_24,Gremlin,313454432,313454432,Gremlin,2026-08,,409.0,,680.0,432,248.0
03_ne_round_new_24,Gremlin,313454432,313454432,Gremlin,2026-09,,678.0,,800.0,696,104.0
03_ne_round_new_24,Gremlin,314747934,314747934,Gremlin,2026-05,,580.0,,700.0,600,100.0
03_ne_round_new_24,Gremlin,314747934,314747934,Gremlin,2026-06,,689.0,,480.0,696,-216.0
03_ne_round_new_24,Gremlin,314749803,314749803,Gremlin,2026-05,,414.0,,640.0,432,208.0
03_ne_round_new_24,Gremlin,314749803,314749803,Gremlin,2026-06,,640.0,,540.0,648,-108.0
03_ne_round_new_24,Gremlin,314749803,314749803,Gremlin,2026-07,,528.0,,540.0,528,12.0
03_ne_round_new_24,Gremlin,321586570,321586570,Gremlin,2026-05,,589.0,,816.0,600,216.0
03_ne_round_new_24,Gremlin,321586570,321586570,Gremlin,2026-06,,811.0,,468.0,816,-348.0
03_ne_round_new_24,Gremlin,321586570,321586570,Gremlin,2026-07,,467.0,,468.0,480,-12.0
03_ne_round_new_24,Gremlin,321586570,321586570,Gremlin,2026-09,,500.0,,588.0,504,84.0
03_ne_round_new_24,Gremlin,321597576,321597576,Gremlin,2026-05,,455.0,,648.0,456,192.0
03_ne_round_new_24,Gremlin,321597576,321597576,Gremlin,2026-06,,640.0,,528.0,648,-120.0
03_ne_round_new_24,Gremlin,321597576,321597576,Gremlin,2026-09,,381.0,,444.0,384,60.0
03_ne_round_new_24,Gremlin,321611695,321611695,Gremlin,2026-05,,442.0,,792.0,456,336.0
03_ne_round_new_24,Gremlin,321611695,321611695,Gremlin,2026-06,,782.0,,384.0,792,-408.0
03_ne_round_new_24,Gremlin,321611695,321611695,Gremlin,2026-08,,360.0,,372.0,360,12.0
03_ne_round_new_24,Gremlin,321611695,321611695,Gremlin,2026-09,,372.0,,432.0,384,48.0
03_ne_round_new_24,Gremlin,323089439,323089439,Gremlin,2026-05,,478.0,,540.0,480,60.0
03_ne_round_new_24,Gremlin,323089439,323089439,Gremlin,2026-06,,534.0,,300.0,552,-252.0
03_ne_round_new_24,Gremlin,323089439,323089439,Gremlin,2026-07,,295.0,,300.0,312,-12.0
03_ne_round_new_24,Gremlin,323089439,323089439,Gremlin,2026-08,,356.0,,384.0,360,24.0
03_ne_round_new_24,Gremlin,323089439,323089439,Gremlin,2026-09,,378.0,,420.0,384,36.0
03_ne_round_new_24,Gremlin,336435693,336435693,Gremlin,2026-05,,448.0,,1008.0,456,552.0
03_ne_round_new_24,Gremlin,336435693,336435693,Gremlin,2026-06,,1000.0,,408.0,1008,-600.0
03_ne_round_new_24,Gremlin,336435693,336435693,Gremlin,2026-09,,437.0,,552.0,456,96.0
03_ne_round_new_24,Gremlin,336451054,336451054,Gremlin,2026-05,,417.0,,600.0,432,168.0
03_ne_round_new_24,Gremlin,336451054,336451054,Gremlin,2026-06,,598.0,,480.0,600,-120.0
03_ne_round_new_24,Gremlin,336451054,336451054,Gremlin,2026-07,,443.0,,480.0,456,24.0
03_ne_round_new_24,Gremlin,336451054,336451054,Gremlin,2026-08,,274.0,,280.0,288,-8.0
03_ne_round_new_24,Gremlin,336451054,336451054,Gremlin,2026-09,,274.0,,360.0,288,72.0
03_ne_round_new_24,Gremlin,336455125,336455125,Gremlin,2026-05,,517.0,,720.0,528,192.0
03_ne_round_new_24,Gremlin,336455125,336455125,Gremlin,2026-06,,682.0,,520.0,696,-176.0
03_ne_round_new_24,Gremlin,336455125,336455125,Gremlin,2026-07,,511.0,,520.0,528,-8.0
03_ne_round_new_24,Gremlin,336455125,336455125,Gremlin,2026-09,,345.0,,440.0,360,80.0
03_ne_round_new_24,Gremlin,424774838,424774838,Gremlin,2026-05,,620.0,,760.0,624,136.0
03_ne_round_new_24,Gremlin,424774838,424774838,Gremlin,2026-06,,747.0,,420.0,768,-348.0
03_ne_round_new_24,Gremlin,424774838,424774838,Gremlin,2026-07,,408.0,,420.0,408,12.0
03_ne_round_new_24,Gremlin,424774838,424774838,Gremlin,2026-08,,410.0,,420.0,432,-12.0
03_ne_round_new_24,Gremlin,424774838,424774838,Gremlin,2026-09,,410.0,,520.0,432,88.0
03_ne_round_new_24,Gremlin,424775930,424775930,Gremlin,2026-05,,718.0,,480.0,720,-240.0
03_ne_round_new_24,Gremlin,424775930,424775930,Gremlin,2026-09,,471.0,,580.0,480,100.0
03_ne_round_new_24,Gremlin,43746155,43746155,Gremlin,2026-05,,0.0,,525.0,0.0,525.0
03_ne_round_new_24,Gremlin,43746155,43746155,Gremlin,2026-06,,511.0,,350.0,528,-178.0
03_ne_round_new_24,Gremlin,43746155,43746155,Gremlin,2026-07,,323.0,,350.0,336,14.0
03_ne_round_new_24,Gremlin,43746155,43746155,Gremlin,2026-08,,231.0,,245.0,240,5.0
03_ne_round_new_24,Gremlin,43746155,43746155,Gremlin,2026-09,,226.0,,280.0,240,40.0
03_ne_round_new_24,Gremlin,44619983,44619983,Gremlin,2026-08,,499.0,,900.0,504,396.0
03_ne_round_new_24,Gremlin,44619983,44619983,Gremlin,2026-09,,862.0,,1000.0,864,136.0
03_ne_round_new_24,Gremlin,499624899,499624899,Gremlin,2026-05,,212.0,,270.0,216,54.0
03_ne_round_new_24,Gremlin,499624899,499624899,Gremlin,2026-06,,265.0,,240.0,288,-48.0
03_ne_round_new_24,Gremlin,499629142,499629142,Gremlin,2026-05,,325.0,,570.0,336,234.0
03_ne_round_new_24,Gremlin,499629142,499629142,Gremlin,2026-06,,553.0,,300.0,576,-276.0
03_ne_round_new_24,Gremlin,499629142,499629142,Gremlin,2026-07,,299.0,,300.0,312,-12.0
03_ne_round_new_24,Gremlin,529887348,529887348,Gremlin,2026-05,,6.0,,0.0,24,-24.0
03_ne_round_new_24,Gremlin,529887348,529887348,Gremlin,2026-06,,0.0,,255.0,0.0,255.0
03_ne_round_new_24,Gremlin,529887348,529887348,Gremlin,2026-07,,253.0,,255.0,264,-9.0
03_ne_round_new_24,Gremlin,529887348,529887348,Gremlin,2026-08,,161.0,,165.0,168,-3.0
03_ne_round_new_24,Gremlin,529887348,529887348,Gremlin,2026-09,,161.0,,180.0,168,12.0
03_ne_round_new_24,Gremlin,58452308,58452308,Gremlin,2026-05,,580.0,,640.0,600,40.0
03_ne_round_new_24,Gremlin,58452308,58452308,Gremlin,2026-06,,621.0,,340.0,624,-284.0
03_ne_round_new_24,Gremlin,58452308,58452308,Gremlin,2026-07,,339.0,,340.0,360,-20.0
03_ne_round_new_24,Gremlin,59730914,59730914,Gremlin,2026-08,,340.0,,500.0,360,140.0
03_ne_round_new_24,Gremlin,59730914,59730914,Gremlin,2026-09,,498.0,,650.0,504,146.0
03_ne_round_new_24,Gremlin,59743424,59743424,Gremlin,2026-08,,290.0,,500.0,312,188.0
03_ne_round_new_24,Gremlin,59743424,59743424,Gremlin,2026-09,,471.0,,550.0,480,70.0
03_ne_round_new_24,Gremlin,59743647,59743647,Gremlin,2026-08,,290.0,,500.0,312,188.0
03_ne_round_new_24,Gremlin,59743647,59743647,Gremlin,2026-09,,471.0,,550.0,480,70.0
03_ne_round_new_24,Gremlin,758048932,758048932,Gremlin,2026-05,,302.0,,0.0,312,-312.0
03_ne_round_new_24,Gremlin,758048932,758048932,Gremlin,2026-08,,244.0,,189.0,264,-75.0
03_ne_round_new_24,Gremlin,758048932,758048932,Gremlin,2026-09,,186.0,,189.0,192,-3.0
03_ne_round_new_24,Gremlin,758048943,758048943,Gremlin,2026-05,,347.0,,0.0,360,-360.0
03_ne_round_new_24,Gremlin,758048943,758048943,Gremlin,2026-08,,280.0,,216.0,288,-72.0
03_ne_round_new_24,Gremlin,758048951,758048951,Gremlin,2026-05,,276.0,,0.0,288,-288.0
03_ne_round_new_24,Gremlin,758048951,758048951,Gremlin,2026-08,,207.0,,161.0,216,-55.0
03_ne_round_new_24,Gremlin,758048951,758048951,Gremlin,2026-09,,161.0,,161.0,168,-7.0
03_ne_round_new_24,Gremlin,932861126,932861126,Gremlin,2026-06,,0.0,,432.0,0.0,432.0
03_ne_round_new_24,Gremlin,932861126,932861126,Gremlin,2026-08,,410.0,,456.0,432,24.0
03_ne_round_new_24,Gremlin,942807244,942807244,Gremlin,2026-06,,0.0,,6600.0,0.0,6600.0
03_ne_round_new_24,Gremlin,942807244,942807244,Gremlin,2026-08,,6500.0,,6150.0,6504,-354.0
03_ne_round_new_24,Gremlin,942807244,942807244,Gremlin,2026-09,,6150.0,,7050.0,6168,882.0
03_ne_round_new_24,Gremlin,942809156,942809156,Gremlin,2026-06,,0.0,,2000.0,0.0,2000.0
03_ne_round_new_24,Gremlin,942809156,942809156,Gremlin,2026-07,,1950.0,,2000.0,1968,32.0
03_ne_round_new_24,Gremlin,942809156,942809156,Gremlin,2026-08,,1650.0,,1600.0,1656,-56.0
03_ne_round_new_24,Gremlin,942809156,942809156,Gremlin,2026-09,,1550.0,,1700.0,1560,140.0
03_ne_round_new_24,Gremlin,942865447,942865447,Gremlin,2026-06,,0.0,,468.0,0.0,468.0
03_ne_round_new_24,Gremlin,942865447,942865447,Gremlin,2026-07,,460.0,,468.0,480,-12.0
03_ne_round_new_24,Gremlin,942865447,942865447,Gremlin,2026-08,,360.0,,468.0,360,108.0
03_ne_round_new_24,Gremlin,942865447,942865447,Gremlin,2026-09,,450.0,,576.0,456,120.0
03_ne_round_new_24,Gremlin,942865448,942865448,Gremlin,2026-06,,0.0,,432.0,0.0,432.0
03_ne_round_new_24,Gremlin,942865448,942865448,Gremlin,2026-08,,410.0,,612.0,432,180.0
03_ne_round_new_24,Gremlin,942865448,942865448,Gremlin,2026-09,,580.0,,684.0,600,84.0
03_ne_round_new_24,Gremlin,942865449,942865449,Gremlin,2026-06,,0.0,,276.0,0.0,276.0
03_ne_round_new_24,Gremlin,942865449,942865449,Gremlin,2026-07,,270.0,,276.0,288,-12.0
03_ne_round_new_24,Gremlin,942865449,942865449,Gremlin,2026-08,,240.0,,252.0,240,12.0
03_ne_round_new_24,Gremlin,942865450,942865450,Gremlin,2026-06,,0.0,,360.0,0.0,360.0
03_ne_round_new_24,Gremlin,942865450,942865450,Gremlin,2026-09,,310.0,,336.0,312,24.0
03_ne_round_new_24,Gremlin,942865451,942865451,Gremlin,2026-06,,0.0,,240.0,0.0,240.0
03_ne_round_new_24,Gremlin,942865451,942865451,Gremlin,2026-09,,230.0,,264.0,240,24.0
03_ne_round_new_24,Gremlin,942865452,942865452,Gremlin,2026-06,,0.0,,216.0,0.0,216.0
03_ne_round_new_24,Gremlin,942865452,942865452,Gremlin,2026-09,,190.0,,240.0,192,48.0
03_ne_round_new_24,Gremlin,942865453,942865453,Gremlin,2026-06,,0.0,,240.0,0.0,240.0
03_ne_round_new_24,Gremlin,942865454,942865454,Gremlin,2026-06,,0.0,,288.0,0.0,288.0
03_ne_round_new_24,Gremlin,942865454,942865454,Gremlin,2026-08,,270.0,,312.0,288,24.0
03_ne_round_new_24,Gremlin,942865454,942865454,Gremlin,2026-09,,290.0,,336.0,312,24.0
03_ne_round_new_24,Gremlin,861386736,861386736,Gremlin,2026-05,,350.0,,336.0,360,-24.0
03_ne_round_new_24,Gremlin,861386736,861386736,Gremlin,2026-06,,330.0,,360.0,336,24.0
03_ne_round_new_24,Gremlin,861386736,861386736,Gremlin,2026-08,,300.0,,320.0,312,8.0
03_ne_round_new_24,Gremlin,861386736,861386736,Gremlin,2026-09,,320.0,,400.0,336,64.0
03_ne_round_new_24,Gremlin,134354680,134354680,Gremlin,2026-05,,0.0,,360.0,0.0,360.0
03_ne_round_new_24,Gremlin,134354680,134354680,Gremlin,2026-06,,360.0,,0.0,360,-360.0
03_ne_round_new_24,Gremlin,349654046,349654046,Gremlin,2026-05,,1447.0,,1224.0,1464,-240.0
03_ne_round_new_24,Gremlin,349654046,349654046,Gremlin,2026-06,,1223.0,,0.0,1224,-1224.0
03_ne_round_new_24,Gremlin,40028657,40028657,Gremlin,2026-05,,39.0,,325.0,48,277.0
03_ne_round_new_24,Gremlin,40028657,40028657,Gremlin,2026-06,,322.0,,0.0,336,-336.0
03_ne_round_new_24,Gremlin,43746157,43746157,Gremlin,2026-05,,6.0,,0.0,24,-24.0
03_ne_round_new_24,Gremlin,492875663,492875663,Gremlin,2026-05,,128.0,,140.0,144,-4.0
03_ne_round_new_24,Gremlin,492875663,492875663,Gremlin,2026-06,,124.0,,0.0,144,-144.0
03_ne_round_new_24,Gremlin,492883010,492883010,Gremlin,2026-05,,238.0,,378.0,240,138.0
03_ne_round_new_24,Gremlin,492883010,492883010,Gremlin,2026-06,,374.0,,0.0,384,-384.0
03_ne_round_new_24,Gremlin,494755143,494755143,Gremlin,2026-05,,58.0,,0.0,72,-72.0
03_ne_round_new_24,Gremlin,529887357,529887357,Gremlin,2026-05,,39.0,,0.0,48,-48.0
03_ne_round_new_24,Gremlin,529892624,529892624,Gremlin,2026-05,,28.0,,0.0,48,-48.0
03_ne_round_new_24,Gremlin,550226639,550226639,Gremlin,2026-05,,108.0,,0.0,120,-120.0
03_ne_round_new_24,Gremlin,692318750,692318750,Gremlin,2026-05,,430.0,,0.0,432,-432.0
03_ne_round_new_24,Gremlin,722623447,722623447,Gremlin,2026-05,,500.0,,1500.0,504,996.0
03_ne_round_new_24,Gremlin,722623447,722623447,Gremlin,2026-06,,1500.0,,0.0,1512,-1512.0
03_ne_round_new_24,Gremlin,722627244,722627244,Gremlin,2026-05,,600.0,,1000.0,600,400.0
03_ne_round_new_24,Gremlin,722627244,722627244,Gremlin,2026-06,,1000.0,,0.0,1008,-1008.0
03_ne_round_new_24,Gremlin,758048960,758048960,Gremlin,2026-05,,256.0,,0.0,264,-264.0
03_ne_round_new_24,Tesfe,543554305,543554305,Tesfe,2026-05,,575.0,,575.0,576,-1.0
03_ne_round_new_24,Tesfe,543554305,543554305,Tesfe,2026-06,,230.0,,0.0,240,-240.0
03_ne_round_new_24,Tesfe,543554305,543554305,Tesfe,2026-08,,287.0,,287.0,288,-1.0
03_ne_round_new_24,Tesfe,543554305,543554305,Tesfe,2026-09,,287.0,,287.0,288,-1.0
03_ne_round_new_24,Tesfe,608928608,608928608,Tesfe,2026-06,,345.0,,0.0,360,-360.0
03_ne_round_new_24,Tesfe,608928608,608928608,Tesfe,2026-08,,1149.0,,1160.0,1152,8.0
03_ne_round_new_24,Tesfe,686885271,686885271,Tesfe,2026-05,,1765.0,,1768.0,1776,-8.0
03_ne_round_new_24,Tesfe,686885271,686885271,Tesfe,2026-06,,824.0,,2000.0,840,1160.0
03_ne_round_new_24,Tesfe,686885271,686885271,Tesfe,2026-07,,2000.0,,2000.0,2016,-16.0
03_ne_round_new_24,Tesfe,686885271,686885271,Tesfe,2026-08,,2000.0,,2000.0,2016,-16.0
03_ne_round_new_24,Tesfe,686885271,686885271,Tesfe,2026-09,,2000.0,,2000.0,2016,-16.0
03_ne_round_new_24,Tesfe,876241399,876241399,Tesfe,2026-05,,1765.0,,1768.0,1776,-8.0
03_ne_round_new_24,Tesfe,876241399,876241399,Tesfe,2026-06,,824.0,,2000.0,840,1160.0
03_ne_round_new_24,Tesfe,876241399,876241399,Tesfe,2026-07,,2000.0,,2000.0,2016,-16.0
03_ne_round_new_24,Tesfe,876241399,876241399,Tesfe,2026-08,,2000.0,,2000.0,2016,-16.0
03_ne_round_new_24,Tesfe,876241399,876241399,Tesfe,2026-09,,2000.0,,2000.0,2016,-16.0
03_ne_round_new_24,Tesfe,918426226,918426226,Tesfe,2026-06,,0.0,,1776.0,0.0,1776.0
03_ne_round_new_24,Tesfe,918426226,918426226,Tesfe,2026-09,,1471.0,,1476.0,1488,-12.0
03_ne_round_new_24,Tesfe,918426227,918426227,Tesfe,2026-06,,0.0,,1768.0,0.0,1768.0
03_ne_round_new_24,Tesfe,918426227,918426227,Tesfe,2026-07,,1765.0,,1768.0,1776,-8.0
03_ne_round_new_24,Tesfe,918426227,918426227,Tesfe,2026-09,,1471.0,,1472.0,1488,-16.0
03_ne_round_new_24,Tesfe,918426228,918426228,Tesfe,2026-06,,0.0,,1768.0,0.0,1768.0
03_ne_round_new_24,Tesfe,918426228,918426228,Tesfe,2026-07,,1765.0,,1768.0,1776,-8.0
03_ne_round_new_24,Tesfe,918426228,918426228,Tesfe,2026-09,,1471.0,,1472.0,1488,-16.0
03_ne_round_new_24,Tesfe,918426229,918426229,Tesfe,2026-06,,0.0,,1776.0,0.0,1776.0
03_ne_round_new_24,Tesfe,918426229,918426229,Tesfe,2026-09,,1471.0,,1476.0,1488,-12.0
03_ne_round_new_24,Tesfe,918426230,918426230,Tesfe,2026-06,,0.0,,500.0,0.0,500.0
03_ne_round_new_24,Tesfe,918426230,918426230,Tesfe,2026-07,,500.0,,500.0,504,-4.0
03_ne_round_new_24,Tesfe,918426230,918426230,Tesfe,2026-08,,265.0,,265.0,288,-23.0
03_ne_round_new_24,Tesfe,918426230,918426230,Tesfe,2026-09,,471.0,,471.0,480,-9.0
03_ne_round_new_24,Tesfe,918426231,918426231,Tesfe,2026-06,,0.0,,235.0,0.0,235.0
03_ne_round_new_24,Tesfe,918426231,918426231,Tesfe,2026-07,,235.0,,235.0,240,-5.0
03_ne_round_new_24,Tesfe,918426231,918426231,Tesfe,2026-08,,176.0,,176.0,192,-16.0
03_ne_round_new_24,Tesfe,918426231,918426231,Tesfe,2026-09,,353.0,,353.0,360,-7.0
03_ne_round_new_24,Tesfe,918435511,918435511,Tesfe,2026-06,,0.0,,1116.0,0.0,1116.0
03_ne_round_new_24,Tesfe,918435511,918435511,Tesfe,2026-07,,1111.0,,1116.0,1128,-12.0
03_ne_round_new_24,Tesfe,918435511,918435511,Tesfe,2026-08,,389.0,,390.0,408,-18.0
03_ne_round_new_24,Tesfe,918435511,918435511,Tesfe,2026-09,,1333.0,,1446.0,1344,102.0
03_ne_round_new_24,Tesfe,918435512,918435512,Tesfe,2026-06,,0.0,,1120.0,0.0,1120.0
03_ne_round_new_24,Tesfe,918435512,918435512,Tesfe,2026-07,,1111.0,,1120.0,1128,-8.0
03_ne_round_new_24,Tesfe,918435512,918435512,Tesfe,2026-08,,389.0,,400.0,408,-8.0
03_ne_round_new_24,Tesfe,918435512,918435512,Tesfe,2026-09,,1333.0,,1460.0,1344,116.0
03_ne_round_new_24,Tesfe,918435513,918435513,Tesfe,2026-06,,0.0,,672.0,0.0,672.0
03_ne_round_new_24,Tesfe,918435513,918435513,Tesfe,2026-08,,278.0,,280.0,288,-8.0
03_ne_round_new_24,Tesfe,918435513,918435513,Tesfe,2026-09,,889.0,,944.0,912,32.0
03_ne_round_new_24,Tesfe,926949170,926949170,Tesfe,2026-06,,0.0,,890.0,0.0,890.0
03_ne_round_new_24,Tesfe,926949170,926949170,Tesfe,2026-07,,882.0,,890.0,888,2.0
03_ne_round_new_24,Tesfe,926949170,926949170,Tesfe,2026-09,,824.0,,890.0,840,50.0
03_ne_round_new_24,Tesfe,926954173,926954173,Tesfe,2026-06,,0.0,,710.0,0.0,710.0
03_ne_round_new_24,Tesfe,926954173,926954173,Tesfe,2026-07,,706.0,,710.0,720,-10.0
03_ne_round_new_24,Tesfe,926954173,926954173,Tesfe,2026-09,,588.0,,590.0,600,-10.0
03_ne_round_new_24,Tesfe,926954174,926954174,Tesfe,2026-06,,0.0,,710.0,0.0,710.0
03_ne_round_new_24,Tesfe,926954174,926954174,Tesfe,2026-07,,706.0,,710.0,720,-10.0
03_ne_round_new_24,Tesfe,926954174,926954174,Tesfe,2026-09,,588.0,,590.0,600,-10.0
03_ne_round_new_24,Tesfe,927023387,927023387,Tesfe,2026-06,,647.0,,890.0,648,242.0
03_ne_round_new_24,Tesfe,927023387,927023387,Tesfe,2026-07,,882.0,,890.0,888,2.0
03_ne_round_new_24,Tesfe,927023387,927023387,Tesfe,2026-09,,824.0,,890.0,840,50.0
03_ne_round_new_24,Tesfe,927042177,927042177,Tesfe,2026-06,,0.0,,885.0,0.0,885.0
03_ne_round_new_24,Tesfe,927042177,927042177,Tesfe,2026-07,,882.0,,885.0,888,-3.0
03_ne_round_new_24,Tesfe,927042177,927042177,Tesfe,2026-08,,353.0,,355.0,360,-5.0
03_ne_round_new_24,Tesfe,927042177,927042177,Tesfe,2026-09,,824.0,,885.0,840,45.0
03_ne_round_new_24,Tesfe,964006307,964006307,Tesfe,2026-08,,690.0,,700.0,696,4.0
03_ne_round_new_24,Tesfe,964009719,964009719,Tesfe,2026-08,,1136.0,,1160.0,1152,8.0
03_ne_round_new_24,Tesfe,964009719,964009719,Tesfe,2026-09,,568.0,,1160.0,576,584.0
03_ne_round_new_24,Tesfe,964012793,964012793,Tesfe,2026-09,,357.0,,600.0,360,240.0
03_ne_round_new_24,Tesfe,964012794,964012794,Tesfe,2026-08,,1071.0,,1100.0,1080,20.0
03_ne_round_new_24,Tesfe,964012794,964012794,Tesfe,2026-09,,536.0,,900.0,552,348.0
03_ne_round_new_24,Tesfe,964012795,964012795,Tesfe,2026-09,,417.0,,720.0,432,288.0
03_ne_round_new_24,Tesfe,120796591,120796591,Tesfe,2026-05,,1029.0,,1100.0,1032,68.0
03_ne_round_new_24,Tesfe,120796591,120796591,Tesfe,2026-06,,1603.0,,1650.0,1608,42.0
03_ne_round_new_24,Tesfe,120796591,120796591,Tesfe,2026-07,,1574.0,,1650.0,1584,66.0
03_ne_round_new_24,Tesfe,120796591,120796591,Tesfe,2026-09,,1721.0,,1870.0,1728,142.0
03_ne_round_new_24,Tesfe,246014967,246014967,Tesfe,2026-05,,328.0,,330.0,336,-6.0
03_ne_round_new_24,Tesfe,246014967,246014967,Tesfe,2026-06,,746.0,,770.0,768,2.0
03_ne_round_new_24,Tesfe,246014967,246014967,Tesfe,2026-07,,731.0,,770.0,744,26.0
03_ne_round_new_24,Tesfe,246014967,246014967,Tesfe,2026-09,,791.0,,880.0,792,88.0
03_ne_round_new_24,Tesfe,358122186,358122186,Tesfe,2026-05,,433.0,,440.0,456,-16.0
03_ne_round_new_24,Tesfe,358122186,358122186,Tesfe,2026-06,,350.0,,440.0,360,80.0
03_ne_round_new_24,Tesfe,358122186,358122186,Tesfe,2026-07,,350.0,,440.0,360,80.0
03_ne_round_new_24,Tesfe,358122186,358122186,Tesfe,2026-09,,383.0,,440.0,384,56.0
03_ne_round_new_24,Tesfe,358125696,358125696,Tesfe,2026-05,,648.0,,660.0,648,12.0
03_ne_round_new_24,Tesfe,358125696,358125696,Tesfe,2026-06,,535.0,,550.0,552,-2.0
03_ne_round_new_24,Tesfe,358125696,358125696,Tesfe,2026-07,,521.0,,550.0,528,22.0
03_ne_round_new_24,Tesfe,358125696,358125696,Tesfe,2026-09,,563.0,,660.0,576,84.0
03_ne_round_new_24,Tesfe,358132137,358132137,Tesfe,2026-05,,422.0,,440.0,432,8.0
03_ne_round_new_24,Tesfe,358132137,358132137,Tesfe,2026-06,,344.0,,440.0,360,80.0
03_ne_round_new_24,Tesfe,358132137,358132137,Tesfe,2026-07,,344.0,,440.0,360,80.0
03_ne_round_new_24,Tesfe,358132137,358132137,Tesfe,2026-09,,375.0,,440.0,384,56.0
03_ne_round_new_24,Tesfe,47920705,47920705,Tesfe,2026-05,,1324.0,,1430.0,1344,86.0
03_ne_round_new_24,Tesfe,47920705,47920705,Tesfe,2026-06,,1603.0,,1650.0,1608,42.0
03_ne_round_new_24,Tesfe,47920705,47920705,Tesfe,2026-07,,1574.0,,1650.0,1584,66.0
03_ne_round_new_24,Tesfe,47920705,47920705,Tesfe,2026-09,,1721.0,,1870.0,1728,142.0
03_ne_round_new_24,Tesfe,47920706,47920706,Tesfe,2026-05,,986.0,,990.0,1008,-18.0
03_ne_round_new_24,Tesfe,47920706,47920706,Tesfe,2026-06,,1197.0,,1210.0,1200,10.0
03_ne_round_new_24,Tesfe,47920706,47920706,Tesfe,2026-07,,1183.0,,1210.0,1200,10.0
03_ne_round_new_24,Tesfe,47920706,47920706,Tesfe,2026-09,,1296.0,,1430.0,1296,134.0
03_ne_round_new_24,Tesfe,271298038,271298038,Tesfe,2026-05,,1118.0,,1118.0,1128,-10.0
03_ne_round_new_24,Tesfe,271298038,271298038,Tesfe,2026-06,,1118.0,,0.0,1128,-1128.0
03_ne_round_new_24,Tesfe,291701620,291701620,Tesfe,2026-05,,843.0,,843.0,864,-21.0
03_ne_round_new_24,Tesfe,291701620,291701620,Tesfe,2026-06,,843.0,,0.0,864,-864.0
03_ne_round_new_24,Tesfe,384471571,384471571,Tesfe,2026-05,,345.0,,345.0,360,-15.0
03_ne_round_new_24,Tesfe,384471571,384471571,Tesfe,2026-06,,345.0,,0.0,360,-360.0
03_ne_round_new_24,Tesfe,486174467,486174467,Tesfe,2026-05,,284.0,,284.0,288,-4.0
03_ne_round_new_24,Tesfe,486174467,486174467,Tesfe,2026-06,,284.0,,0.0,288,-288.0
03_ne_round_new_24,Tesfe,543540723,543540723,Tesfe,2026-05,,230.0,,230.0,240,-10.0
03_ne_round_new_24,Tesfe,547905963,547905963,Tesfe,2026-05,,136.0,,138.0,144,-6.0
03_ne_round_new_24,Tesfe,547905963,547905963,Tesfe,2026-06,,216.0,,0.0,216,-216.0
03_ne_round_new_24,Tesfe,547907007,547907007,Tesfe,2026-06,,241.0,,0.0,264,-264.0
03_ne_round_new_24,Tesfe,587394871,587394871,Tesfe,2026-05,,118.0,,118.0,120,-2.0
03_ne_round_new_24,Tesfe,587394871,587394871,Tesfe,2026-06,,118.0,,0.0,120,-120.0
03_ne_round_new_24,Tesfe,721291995,721291995,Tesfe,2026-05,,56.0,,57.0,72,-15.0
03_ne_round_new_24,Tesfe,721291995,721291995,Tesfe,2026-06,,180.0,,171.0,192,-21.0
03_ne_round_new_24,Tesfe,721291995,721291995,Tesfe,2026-07,,169.0,,171.0,192,-21.0
03_ne_round_new_24,Tesfe,734230554,734230554,Tesfe,2026-06,,846.0,,648.0,864,-216.0
03_ne_round_new_24,Tesfe,734234121,734234121,Tesfe,2026-05,,55.0,,96.0,72,24.0
03_ne_round_new_24,Tesfe,734234121,734234121,Tesfe,2026-06,,1819.0,,912.0,1824,-912.0
03_ne_round_new_24,Tesfe,734234121,734234121,Tesfe,2026-07,,868.0,,912.0,888,24.0
03_ne_round_new_24,Tesfe,757939493,757939493,Tesfe,2026-05,,59.0,,59.0,72,-13.0
03_ne_round_new_24,Tesfe,76726507,76726507,Tesfe,2026-05,,488.0,,500.0,504,-4.0
03_ne_round_new_24,Tesfe,76726507,76726507,Tesfe,2026-06,,512.0,,0.0,528,-528.0
03_ne_round_new_24,Tesfe,77306647,77306647,Tesfe,2026-05,,525.0,,550.0,528,22.0
03_ne_round_new_24,Tesfe,77306647,77306647,Tesfe,2026-06,,438.0,,0.0,456,-456.0
03_ne_round_new_24,Tesfe,837848622,837848622,Tesfe,2026-05,,235.0,,235.0,240,-5.0
03_ne_round_new_24,Tesfe,837848622,837848622,Tesfe,2026-06,,588.0,,588.0,600,-12.0
03_ne_round_new_24,Tesfe,837848622,837848622,Tesfe,2026-07,,588.0,,588.0,600,-12.0
03_ne_round_new_24,Tesfe,837848622,837848622,Tesfe,2026-08,,588.0,,588.0,600,-12.0
03_ne_round_new_24,Tesfe,837848622,837848622,Tesfe,2026-09,,588.0,,588.0,600,-12.0
03_ne_round_new_24,Tesfe,837848623,837848623,Tesfe,2026-06,,588.0,,588.0,600,-12.0
03_ne_round_new_24,Tesfe,837848623,837848623,Tesfe,2026-07,,588.0,,588.0,600,-12.0
03_ne_round_new_24,Tesfe,837848623,837848623,Tesfe,2026-08,,588.0,,588.0,600,-12.0
03_ne_round_new_24,Tesfe,837848623,837848623,Tesfe,2026-09,,588.0,,588.0,600,-12.0
03_ne_round_new_24,Tesfe,837861426,837861426,Tesfe,2026-08,,2353.0,,2353.0,2376,-23.0
03_ne_round_new_24,Tesfe,837861426,837861426,Tesfe,2026-09,,2353.0,,2353.0,2376,-23.0
03_ne_round_new_24,Tesfe,837861427,837861427,Tesfe,2026-08,,2353.0,,2353.0,2376,-23.0
03_ne_round_new_24,Tesfe,837861427,837861427,Tesfe,2026-09,,2353.0,,2353.0,2376,-23.0
03_ne_round_new_24,Tesfe,869039019,869039019,Tesfe,2026-05,,341.0,,341.0,360,-19.0
03_ne_round_new_24,Tesfe,869039019,869039019,Tesfe,2026-06,,341.0,,0.0,360,-360.0
03_ne_round_new_24,Tesfe,879121147,879121147,Tesfe,2026-05,,402.0,,402.0,408,-6.0
03_ne_round_new_24,Tesfe,879121147,879121147,Tesfe,2026-06,,402.0,,0.0,408,-408.0
03_ne_round_new_24,Tesfe,897441029,897441029,Tesfe,2026-05,,588.0,,588.0,600,-12.0
03_ne_round_new_24,Tesfe,897441029,897441029,Tesfe,2026-06,,118.0,,0.0,120,-120.0
03_ne_round_new_24,Tesfe,901040577,901040577,Tesfe,2026-05,,588.0,,588.0,600,-12.0
03_ne_round_new_24,Tesfe,901040577,901040577,Tesfe,2026-06,,294.0,,0.0,312,-312.0
03_ne_round_new_24,Tesfe,901044246,901044246,Tesfe,2026-05,,294.0,,294.0,312,-18.0
03_ne_round_new_24,Tesfe,901044246,901044246,Tesfe,2026-06,,235.0,,0.0,240,-240.0
03_ne_round_new_24,Tesfe,917885149,917885149,Tesfe,2026-05,,824.0,,824.0,840,-16.0
03_ne_round_new_24,Tesfe,917885149,917885149,Tesfe,2026-06,,706.0,,0.0,720,-720.0
03_ne_round_new_24,Tesfe,917885150,917885150,Tesfe,2026-05,,824.0,,824.0,840,-16.0
03_ne_round_new_24,Tesfe,917885150,917885150,Tesfe,2026-06,,706.0,,0.0,720,-720.0
03_ne_round_new_24,Tesfe,918413648,918413648,Tesfe,2026-05,,588.0,,588.0,600,-12.0
03_ne_round_new_24,Tesfe,952369899,952369899,Tesfe,2026-05,,602.0,,602.0,624,-22.0
03_ne_round_new_24,Tesfe,952369900,952369900,Tesfe,2026-05,,602.0,,602.0,624,-22.0
03_ne_round_new_24,Tesfe,977951301,977951301,Tesfe,2026-05,,588.0,,588.0,600,-12.0
03_ne_round_new_24,Tesfe,978377477,978377477,Tesfe,2026-05,,588.0,,588.0,600,-12.0
03_ne_round_new_24,Tesfe,983727867,983727867,Tesfe,2026-05,,575.0,,575.0,576,-1.0
03_ne_round_new_24,Tesfe,983727868,983727868,Tesfe,2026-05,,575.0,,575.0,576,-1.0
